meetEventID,meetID,eventID
Highlands_Swim(138.0)_at_Chesterbrook(282.0)_2021_1_Highlands_Swim(138.0)_at_Chesterbrook(282.0)_2021,Highlands_Swim(138.0)_at_Chesterbrook(282.0)_2021,1_Highlands_Swim(138.0)_at_Chesterbrook(282.0)_2021
Highlands_Swim(138.0)_at_Chesterbrook(282.0)_2021_3_Highlands_Swim(138.0)_at_Chesterbrook(282.0)_2021,Highlands_Swim(138.0)_at_Chesterbrook(282.0)_2021,3_Highlands_Swim(138.0)_at_Chesterbrook(282.0)_2021
Highlands_Swim(138.0)_at_Chesterbrook(282.0)_2021_5_Highlands_Swim(138.0)_at_Chesterbrook(282.0)_2021,Highlands_Swim(138.0)_at_Chesterbrook(282.0)_2021,5_Highlands_Swim(138.0)_at_Chesterbrook(282.0)_2021
Highlands_Swim(138.0)_at_Chesterbrook(282.0)_2021_7_Highlands_Swim(138.0)_at_Chesterbrook(282.0)_2021,Highlands_Swim(138.0)_at_Chesterbrook(282.0)_2021,7_Highlands_Swim(138.0)_at_Chesterbrook(282.0)_2021
Highlands_Swim(138.0)_at_Chesterbrook(282.0)_2021_9_Highlands_Swim(138.0)_at_Chesterbrook(282.0)_2021,Highlands_Swim(138.0)_at_Chesterbrook(282.0)_2021,9_Highlands_Swim(138.0)_at_Chesterbrook(282.0)_2021
Highlands_Swim(138.0)_at_Chesterbrook(282.0)_2021_11_Highlands_Swim(138.0)_at_Chesterbrook(282.0)_2021,Highlands_Swim(138.0)_at_Chesterbrook(282.0)_2021,11_Highlands_Swim(138.0)_at_Chesterbrook(282.0)_2021
Highlands_Swim(138.0)_at_Chesterbrook(282.0)_2021_13_Highlands_Swim(138.0)_at_Chesterbrook(282.0)_2021,Highlands_Swim(138.0)_at_Chesterbrook(282.0)_2021,13_Highlands_Swim(138.0)_at_Chesterbrook(282.0)_2021
Highlands_Swim(138.0)_at_Chesterbrook(282.0)_2021_15_Highlands_Swim(138.0)_at_Chesterbrook(282.0)_2021,Highlands_Swim(138.0)_at_Chesterbrook(282.0)_2021,15_Highlands_Swim(138.0)_at_Chesterbrook(282.0)_2021
Highlands_Swim(138.0)_at_Chesterbrook(282.0)_2021_17_Highlands_Swim(138.0)_at_Chesterbrook(282.0)_2021,Highlands_Swim(138.0)_at_Chesterbrook(282.0)_2021,17_Highlands_Swim(138.0)_at_Chesterbrook(282.0)_2021
Highlands_Swim(138.0)_at_Chesterbrook(282.0)_2021_19_Highlands_Swim(138.0)_at_Chesterbrook(282.0)_2021,Highlands_Swim(138.0)_at_Chesterbrook(282.0)_2021,19_Highlands_Swim(138.0)_at_Chesterbrook(282.0)_2021
Highlands_Swim(138.0)_at_Chesterbrook(282.0)_2021_21_Highlands_Swim(138.0)_at_Chesterbrook(282.0)_2021,Highlands_Swim(138.0)_at_Chesterbrook(282.0)_2021,21_Highlands_Swim(138.0)_at_Chesterbrook(282.0)_2021
Highlands_Swim(138.0)_at_Chesterbrook(282.0)_2021_23_Highlands_Swim(138.0)_at_Chesterbrook(282.0)_2021,Highlands_Swim(138.0)_at_Chesterbrook(282.0)_2021,23_Highlands_Swim(138.0)_at_Chesterbrook(282.0)_2021
Highlands_Swim(138.0)_at_Chesterbrook(282.0)_2021_25_Highlands_Swim(138.0)_at_Chesterbrook(282.0)_2021,Highlands_Swim(138.0)_at_Chesterbrook(282.0)_2021,25_Highlands_Swim(138.0)_at_Chesterbrook(282.0)_2021
Highlands_Swim(138.0)_at_Chesterbrook(282.0)_2021_27_Highlands_Swim(138.0)_at_Chesterbrook(282.0)_2021,Highlands_Swim(138.0)_at_Chesterbrook(282.0)_2021,27_Highlands_Swim(138.0)_at_Chesterbrook(282.0)_2021
Highlands_Swim(138.0)_at_Chesterbrook(282.0)_2021_29_Highlands_Swim(138.0)_at_Chesterbrook(282.0)_2021,Highlands_Swim(138.0)_at_Chesterbrook(282.0)_2021,29_Highlands_Swim(138.0)_at_Chesterbrook(282.0)_2021
Highlands_Swim(138.0)_at_Chesterbrook(282.0)_2021_31_Highlands_Swim(138.0)_at_Chesterbrook(282.0)_2021,Highlands_Swim(138.0)_at_Chesterbrook(282.0)_2021,31_Highlands_Swim(138.0)_at_Chesterbrook(282.0)_2021
Highlands_Swim(138.0)_at_Chesterbrook(282.0)_2021_33_Highlands_Swim(138.0)_at_Chesterbrook(282.0)_2021,Highlands_Swim(138.0)_at_Chesterbrook(282.0)_2021,33_Highlands_Swim(138.0)_at_Chesterbrook(282.0)_2021
Highlands_Swim(138.0)_at_Chesterbrook(282.0)_2021_35_Highlands_Swim(138.0)_at_Chesterbrook(282.0)_2021,Highlands_Swim(138.0)_at_Chesterbrook(282.0)_2021,35_Highlands_Swim(138.0)_at_Chesterbrook(282.0)_2021
Highlands_Swim(138.0)_at_Chesterbrook(282.0)_2021_37_Highlands_Swim(138.0)_at_Chesterbrook(282.0)_2021,Highlands_Swim(138.0)_at_Chesterbrook(282.0)_2021,37_Highlands_Swim(138.0)_at_Chesterbrook(282.0)_2021
Highlands_Swim(138.0)_at_Chesterbrook(282.0)_2021_39_Highlands_Swim(138.0)_at_Chesterbrook(282.0)_2021,Highlands_Swim(138.0)_at_Chesterbrook(282.0)_2021,39_Highlands_Swim(138.0)_at_Chesterbrook(282.0)_2021
Highlands_Swim(138.0)_at_Chesterbrook(282.0)_2021_41_Highlands_Swim(138.0)_at_Chesterbrook(282.0)_2021,Highlands_Swim(138.0)_at_Chesterbrook(282.0)_2021,41_Highlands_Swim(138.0)_at_Chesterbrook(282.0)_2021
Highlands_Swim(138.0)_at_Chesterbrook(282.0)_2021_51_Highlands_Swim(138.0)_at_Chesterbrook(282.0)_2021,Highlands_Swim(138.0)_at_Chesterbrook(282.0)_2021,51_Highlands_Swim(138.0)_at_Chesterbrook(282.0)_2021
Highlands_Swim(138.0)_at_Chesterbrook(282.0)_2021_43_Highlands_Swim(138.0)_at_Chesterbrook(282.0)_2021,Highlands_Swim(138.0)_at_Chesterbrook(282.0)_2021,43_Highlands_Swim(138.0)_at_Chesterbrook(282.0)_2021
Highlands_Swim(138.0)_at_Chesterbrook(282.0)_2021_45_Highlands_Swim(138.0)_at_Chesterbrook(282.0)_2021,Highlands_Swim(138.0)_at_Chesterbrook(282.0)_2021,45_Highlands_Swim(138.0)_at_Chesterbrook(282.0)_2021
Highlands_Swim(138.0)_at_Chesterbrook(282.0)_2021_47_Highlands_Swim(138.0)_at_Chesterbrook(282.0)_2021,Highlands_Swim(138.0)_at_Chesterbrook(282.0)_2021,47_Highlands_Swim(138.0)_at_Chesterbrook(282.0)_2021
Highlands_Swim(138.0)_at_Chesterbrook(282.0)_2021_49_Highlands_Swim(138.0)_at_Chesterbrook(282.0)_2021,Highlands_Swim(138.0)_at_Chesterbrook(282.0)_2021,49_Highlands_Swim(138.0)_at_Chesterbrook(282.0)_2021
Highlands_Swim(138.0)_at_Chesterbrook(282.0)_2021_2_Highlands_Swim(138.0)_at_Chesterbrook(282.0)_2021,Highlands_Swim(138.0)_at_Chesterbrook(282.0)_2021,2_Highlands_Swim(138.0)_at_Chesterbrook(282.0)_2021
Highlands_Swim(138.0)_at_Chesterbrook(282.0)_2021_4_Highlands_Swim(138.0)_at_Chesterbrook(282.0)_2021,Highlands_Swim(138.0)_at_Chesterbrook(282.0)_2021,4_Highlands_Swim(138.0)_at_Chesterbrook(282.0)_2021
Highlands_Swim(138.0)_at_Chesterbrook(282.0)_2021_6_Highlands_Swim(138.0)_at_Chesterbrook(282.0)_2021,Highlands_Swim(138.0)_at_Chesterbrook(282.0)_2021,6_Highlands_Swim(138.0)_at_Chesterbrook(282.0)_2021
Highlands_Swim(138.0)_at_Chesterbrook(282.0)_2021_8_Highlands_Swim(138.0)_at_Chesterbrook(282.0)_2021,Highlands_Swim(138.0)_at_Chesterbrook(282.0)_2021,8_Highlands_Swim(138.0)_at_Chesterbrook(282.0)_2021
Highlands_Swim(138.0)_at_Chesterbrook(282.0)_2021_10_Highlands_Swim(138.0)_at_Chesterbrook(282.0)_2021,Highlands_Swim(138.0)_at_Chesterbrook(282.0)_2021,10_Highlands_Swim(138.0)_at_Chesterbrook(282.0)_2021
Highlands_Swim(138.0)_at_Chesterbrook(282.0)_2021_12_Highlands_Swim(138.0)_at_Chesterbrook(282.0)_2021,Highlands_Swim(138.0)_at_Chesterbrook(282.0)_2021,12_Highlands_Swim(138.0)_at_Chesterbrook(282.0)_2021
Highlands_Swim(138.0)_at_Chesterbrook(282.0)_2021_14_Highlands_Swim(138.0)_at_Chesterbrook(282.0)_2021,Highlands_Swim(138.0)_at_Chesterbrook(282.0)_2021,14_Highlands_Swim(138.0)_at_Chesterbrook(282.0)_2021
Highlands_Swim(138.0)_at_Chesterbrook(282.0)_2021_16_Highlands_Swim(138.0)_at_Chesterbrook(282.0)_2021,Highlands_Swim(138.0)_at_Chesterbrook(282.0)_2021,16_Highlands_Swim(138.0)_at_Chesterbrook(282.0)_2021
Highlands_Swim(138.0)_at_Chesterbrook(282.0)_2021_18_Highlands_Swim(138.0)_at_Chesterbrook(282.0)_2021,Highlands_Swim(138.0)_at_Chesterbrook(282.0)_2021,18_Highlands_Swim(138.0)_at_Chesterbrook(282.0)_2021
Highlands_Swim(138.0)_at_Chesterbrook(282.0)_2021_20_Highlands_Swim(138.0)_at_Chesterbrook(282.0)_2021,Highlands_Swim(138.0)_at_Chesterbrook(282.0)_2021,20_Highlands_Swim(138.0)_at_Chesterbrook(282.0)_2021
Highlands_Swim(138.0)_at_Chesterbrook(282.0)_2021_22_Highlands_Swim(138.0)_at_Chesterbrook(282.0)_2021,Highlands_Swim(138.0)_at_Chesterbrook(282.0)_2021,22_Highlands_Swim(138.0)_at_Chesterbrook(282.0)_2021
Highlands_Swim(138.0)_at_Chesterbrook(282.0)_2021_24_Highlands_Swim(138.0)_at_Chesterbrook(282.0)_2021,Highlands_Swim(138.0)_at_Chesterbrook(282.0)_2021,24_Highlands_Swim(138.0)_at_Chesterbrook(282.0)_2021
Highlands_Swim(138.0)_at_Chesterbrook(282.0)_2021_26_Highlands_Swim(138.0)_at_Chesterbrook(282.0)_2021,Highlands_Swim(138.0)_at_Chesterbrook(282.0)_2021,26_Highlands_Swim(138.0)_at_Chesterbrook(282.0)_2021
Highlands_Swim(138.0)_at_Chesterbrook(282.0)_2021_28_Highlands_Swim(138.0)_at_Chesterbrook(282.0)_2021,Highlands_Swim(138.0)_at_Chesterbrook(282.0)_2021,28_Highlands_Swim(138.0)_at_Chesterbrook(282.0)_2021
Highlands_Swim(138.0)_at_Chesterbrook(282.0)_2021_30_Highlands_Swim(138.0)_at_Chesterbrook(282.0)_2021,Highlands_Swim(138.0)_at_Chesterbrook(282.0)_2021,30_Highlands_Swim(138.0)_at_Chesterbrook(282.0)_2021
Highlands_Swim(138.0)_at_Chesterbrook(282.0)_2021_32_Highlands_Swim(138.0)_at_Chesterbrook(282.0)_2021,Highlands_Swim(138.0)_at_Chesterbrook(282.0)_2021,32_Highlands_Swim(138.0)_at_Chesterbrook(282.0)_2021
Highlands_Swim(138.0)_at_Chesterbrook(282.0)_2021_34_Highlands_Swim(138.0)_at_Chesterbrook(282.0)_2021,Highlands_Swim(138.0)_at_Chesterbrook(282.0)_2021,34_Highlands_Swim(138.0)_at_Chesterbrook(282.0)_2021
Highlands_Swim(138.0)_at_Chesterbrook(282.0)_2021_36_Highlands_Swim(138.0)_at_Chesterbrook(282.0)_2021,Highlands_Swim(138.0)_at_Chesterbrook(282.0)_2021,36_Highlands_Swim(138.0)_at_Chesterbrook(282.0)_2021
Highlands_Swim(138.0)_at_Chesterbrook(282.0)_2021_38_Highlands_Swim(138.0)_at_Chesterbrook(282.0)_2021,Highlands_Swim(138.0)_at_Chesterbrook(282.0)_2021,38_Highlands_Swim(138.0)_at_Chesterbrook(282.0)_2021
Highlands_Swim(138.0)_at_Chesterbrook(282.0)_2021_40_Highlands_Swim(138.0)_at_Chesterbrook(282.0)_2021,Highlands_Swim(138.0)_at_Chesterbrook(282.0)_2021,40_Highlands_Swim(138.0)_at_Chesterbrook(282.0)_2021
Highlands_Swim(138.0)_at_Chesterbrook(282.0)_2021_42_Highlands_Swim(138.0)_at_Chesterbrook(282.0)_2021,Highlands_Swim(138.0)_at_Chesterbrook(282.0)_2021,42_Highlands_Swim(138.0)_at_Chesterbrook(282.0)_2021
Highlands_Swim(138.0)_at_Chesterbrook(282.0)_2021_52_Highlands_Swim(138.0)_at_Chesterbrook(282.0)_2021,Highlands_Swim(138.0)_at_Chesterbrook(282.0)_2021,52_Highlands_Swim(138.0)_at_Chesterbrook(282.0)_2021
Highlands_Swim(138.0)_at_Chesterbrook(282.0)_2021_44_Highlands_Swim(138.0)_at_Chesterbrook(282.0)_2021,Highlands_Swim(138.0)_at_Chesterbrook(282.0)_2021,44_Highlands_Swim(138.0)_at_Chesterbrook(282.0)_2021
Highlands_Swim(138.0)_at_Chesterbrook(282.0)_2021_46_Highlands_Swim(138.0)_at_Chesterbrook(282.0)_2021,Highlands_Swim(138.0)_at_Chesterbrook(282.0)_2021,46_Highlands_Swim(138.0)_at_Chesterbrook(282.0)_2021
Highlands_Swim(138.0)_at_Chesterbrook(282.0)_2021_48_Highlands_Swim(138.0)_at_Chesterbrook(282.0)_2021,Highlands_Swim(138.0)_at_Chesterbrook(282.0)_2021,48_Highlands_Swim(138.0)_at_Chesterbrook(282.0)_2021
Highlands_Swim(138.0)_at_Chesterbrook(282.0)_2021_50_Highlands_Swim(138.0)_at_Chesterbrook(282.0)_2021,Highlands_Swim(138.0)_at_Chesterbrook(282.0)_2021,50_Highlands_Swim(138.0)_at_Chesterbrook(282.0)_2021
Overlee(306.0)_at_Dowden_Terrace(114.0)_2021_1_Overlee(306.0)_at_Dowden_Terrace(114.0)_2021,Overlee(306.0)_at_Dowden_Terrace(114.0)_2021,1_Overlee(306.0)_at_Dowden_Terrace(114.0)_2021
Overlee(306.0)_at_Dowden_Terrace(114.0)_2021_3_Overlee(306.0)_at_Dowden_Terrace(114.0)_2021,Overlee(306.0)_at_Dowden_Terrace(114.0)_2021,3_Overlee(306.0)_at_Dowden_Terrace(114.0)_2021
Overlee(306.0)_at_Dowden_Terrace(114.0)_2021_5_Overlee(306.0)_at_Dowden_Terrace(114.0)_2021,Overlee(306.0)_at_Dowden_Terrace(114.0)_2021,5_Overlee(306.0)_at_Dowden_Terrace(114.0)_2021
Overlee(306.0)_at_Dowden_Terrace(114.0)_2021_7_Overlee(306.0)_at_Dowden_Terrace(114.0)_2021,Overlee(306.0)_at_Dowden_Terrace(114.0)_2021,7_Overlee(306.0)_at_Dowden_Terrace(114.0)_2021
Overlee(306.0)_at_Dowden_Terrace(114.0)_2021_9_Overlee(306.0)_at_Dowden_Terrace(114.0)_2021,Overlee(306.0)_at_Dowden_Terrace(114.0)_2021,9_Overlee(306.0)_at_Dowden_Terrace(114.0)_2021
Overlee(306.0)_at_Dowden_Terrace(114.0)_2021_11_Overlee(306.0)_at_Dowden_Terrace(114.0)_2021,Overlee(306.0)_at_Dowden_Terrace(114.0)_2021,11_Overlee(306.0)_at_Dowden_Terrace(114.0)_2021
Overlee(306.0)_at_Dowden_Terrace(114.0)_2021_13_Overlee(306.0)_at_Dowden_Terrace(114.0)_2021,Overlee(306.0)_at_Dowden_Terrace(114.0)_2021,13_Overlee(306.0)_at_Dowden_Terrace(114.0)_2021
Overlee(306.0)_at_Dowden_Terrace(114.0)_2021_15_Overlee(306.0)_at_Dowden_Terrace(114.0)_2021,Overlee(306.0)_at_Dowden_Terrace(114.0)_2021,15_Overlee(306.0)_at_Dowden_Terrace(114.0)_2021
Overlee(306.0)_at_Dowden_Terrace(114.0)_2021_17_Overlee(306.0)_at_Dowden_Terrace(114.0)_2021,Overlee(306.0)_at_Dowden_Terrace(114.0)_2021,17_Overlee(306.0)_at_Dowden_Terrace(114.0)_2021
Overlee(306.0)_at_Dowden_Terrace(114.0)_2021_19_Overlee(306.0)_at_Dowden_Terrace(114.0)_2021,Overlee(306.0)_at_Dowden_Terrace(114.0)_2021,19_Overlee(306.0)_at_Dowden_Terrace(114.0)_2021
Overlee(306.0)_at_Dowden_Terrace(114.0)_2021_21_Overlee(306.0)_at_Dowden_Terrace(114.0)_2021,Overlee(306.0)_at_Dowden_Terrace(114.0)_2021,21_Overlee(306.0)_at_Dowden_Terrace(114.0)_2021
Overlee(306.0)_at_Dowden_Terrace(114.0)_2021_23_Overlee(306.0)_at_Dowden_Terrace(114.0)_2021,Overlee(306.0)_at_Dowden_Terrace(114.0)_2021,23_Overlee(306.0)_at_Dowden_Terrace(114.0)_2021
Overlee(306.0)_at_Dowden_Terrace(114.0)_2021_25_Overlee(306.0)_at_Dowden_Terrace(114.0)_2021,Overlee(306.0)_at_Dowden_Terrace(114.0)_2021,25_Overlee(306.0)_at_Dowden_Terrace(114.0)_2021
Overlee(306.0)_at_Dowden_Terrace(114.0)_2021_27_Overlee(306.0)_at_Dowden_Terrace(114.0)_2021,Overlee(306.0)_at_Dowden_Terrace(114.0)_2021,27_Overlee(306.0)_at_Dowden_Terrace(114.0)_2021
Overlee(306.0)_at_Dowden_Terrace(114.0)_2021_29_Overlee(306.0)_at_Dowden_Terrace(114.0)_2021,Overlee(306.0)_at_Dowden_Terrace(114.0)_2021,29_Overlee(306.0)_at_Dowden_Terrace(114.0)_2021
Overlee(306.0)_at_Dowden_Terrace(114.0)_2021_31_Overlee(306.0)_at_Dowden_Terrace(114.0)_2021,Overlee(306.0)_at_Dowden_Terrace(114.0)_2021,31_Overlee(306.0)_at_Dowden_Terrace(114.0)_2021
Overlee(306.0)_at_Dowden_Terrace(114.0)_2021_33_Overlee(306.0)_at_Dowden_Terrace(114.0)_2021,Overlee(306.0)_at_Dowden_Terrace(114.0)_2021,33_Overlee(306.0)_at_Dowden_Terrace(114.0)_2021
Overlee(306.0)_at_Dowden_Terrace(114.0)_2021_35_Overlee(306.0)_at_Dowden_Terrace(114.0)_2021,Overlee(306.0)_at_Dowden_Terrace(114.0)_2021,35_Overlee(306.0)_at_Dowden_Terrace(114.0)_2021
Overlee(306.0)_at_Dowden_Terrace(114.0)_2021_37_Overlee(306.0)_at_Dowden_Terrace(114.0)_2021,Overlee(306.0)_at_Dowden_Terrace(114.0)_2021,37_Overlee(306.0)_at_Dowden_Terrace(114.0)_2021
Overlee(306.0)_at_Dowden_Terrace(114.0)_2021_39_Overlee(306.0)_at_Dowden_Terrace(114.0)_2021,Overlee(306.0)_at_Dowden_Terrace(114.0)_2021,39_Overlee(306.0)_at_Dowden_Terrace(114.0)_2021
Overlee(306.0)_at_Dowden_Terrace(114.0)_2021_41_Overlee(306.0)_at_Dowden_Terrace(114.0)_2021,Overlee(306.0)_at_Dowden_Terrace(114.0)_2021,41_Overlee(306.0)_at_Dowden_Terrace(114.0)_2021
Overlee(306.0)_at_Dowden_Terrace(114.0)_2021_51_Overlee(306.0)_at_Dowden_Terrace(114.0)_2021,Overlee(306.0)_at_Dowden_Terrace(114.0)_2021,51_Overlee(306.0)_at_Dowden_Terrace(114.0)_2021
Overlee(306.0)_at_Dowden_Terrace(114.0)_2021_43_Overlee(306.0)_at_Dowden_Terrace(114.0)_2021,Overlee(306.0)_at_Dowden_Terrace(114.0)_2021,43_Overlee(306.0)_at_Dowden_Terrace(114.0)_2021
Overlee(306.0)_at_Dowden_Terrace(114.0)_2021_45_Overlee(306.0)_at_Dowden_Terrace(114.0)_2021,Overlee(306.0)_at_Dowden_Terrace(114.0)_2021,45_Overlee(306.0)_at_Dowden_Terrace(114.0)_2021
Overlee(306.0)_at_Dowden_Terrace(114.0)_2021_47_Overlee(306.0)_at_Dowden_Terrace(114.0)_2021,Overlee(306.0)_at_Dowden_Terrace(114.0)_2021,47_Overlee(306.0)_at_Dowden_Terrace(114.0)_2021
Overlee(306.0)_at_Dowden_Terrace(114.0)_2021_49_Overlee(306.0)_at_Dowden_Terrace(114.0)_2021,Overlee(306.0)_at_Dowden_Terrace(114.0)_2021,49_Overlee(306.0)_at_Dowden_Terrace(114.0)_2021
Overlee(306.0)_at_Dowden_Terrace(114.0)_2021_2_Overlee(306.0)_at_Dowden_Terrace(114.0)_2021,Overlee(306.0)_at_Dowden_Terrace(114.0)_2021,2_Overlee(306.0)_at_Dowden_Terrace(114.0)_2021
Overlee(306.0)_at_Dowden_Terrace(114.0)_2021_4_Overlee(306.0)_at_Dowden_Terrace(114.0)_2021,Overlee(306.0)_at_Dowden_Terrace(114.0)_2021,4_Overlee(306.0)_at_Dowden_Terrace(114.0)_2021
Overlee(306.0)_at_Dowden_Terrace(114.0)_2021_6_Overlee(306.0)_at_Dowden_Terrace(114.0)_2021,Overlee(306.0)_at_Dowden_Terrace(114.0)_2021,6_Overlee(306.0)_at_Dowden_Terrace(114.0)_2021
Overlee(306.0)_at_Dowden_Terrace(114.0)_2021_8_Overlee(306.0)_at_Dowden_Terrace(114.0)_2021,Overlee(306.0)_at_Dowden_Terrace(114.0)_2021,8_Overlee(306.0)_at_Dowden_Terrace(114.0)_2021
Overlee(306.0)_at_Dowden_Terrace(114.0)_2021_10_Overlee(306.0)_at_Dowden_Terrace(114.0)_2021,Overlee(306.0)_at_Dowden_Terrace(114.0)_2021,10_Overlee(306.0)_at_Dowden_Terrace(114.0)_2021
Overlee(306.0)_at_Dowden_Terrace(114.0)_2021_12_Overlee(306.0)_at_Dowden_Terrace(114.0)_2021,Overlee(306.0)_at_Dowden_Terrace(114.0)_2021,12_Overlee(306.0)_at_Dowden_Terrace(114.0)_2021
Overlee(306.0)_at_Dowden_Terrace(114.0)_2021_14_Overlee(306.0)_at_Dowden_Terrace(114.0)_2021,Overlee(306.0)_at_Dowden_Terrace(114.0)_2021,14_Overlee(306.0)_at_Dowden_Terrace(114.0)_2021
Overlee(306.0)_at_Dowden_Terrace(114.0)_2021_16_Overlee(306.0)_at_Dowden_Terrace(114.0)_2021,Overlee(306.0)_at_Dowden_Terrace(114.0)_2021,16_Overlee(306.0)_at_Dowden_Terrace(114.0)_2021
Overlee(306.0)_at_Dowden_Terrace(114.0)_2021_18_Overlee(306.0)_at_Dowden_Terrace(114.0)_2021,Overlee(306.0)_at_Dowden_Terrace(114.0)_2021,18_Overlee(306.0)_at_Dowden_Terrace(114.0)_2021
Overlee(306.0)_at_Dowden_Terrace(114.0)_2021_20_Overlee(306.0)_at_Dowden_Terrace(114.0)_2021,Overlee(306.0)_at_Dowden_Terrace(114.0)_2021,20_Overlee(306.0)_at_Dowden_Terrace(114.0)_2021
Overlee(306.0)_at_Dowden_Terrace(114.0)_2021_22_Overlee(306.0)_at_Dowden_Terrace(114.0)_2021,Overlee(306.0)_at_Dowden_Terrace(114.0)_2021,22_Overlee(306.0)_at_Dowden_Terrace(114.0)_2021
Overlee(306.0)_at_Dowden_Terrace(114.0)_2021_24_Overlee(306.0)_at_Dowden_Terrace(114.0)_2021,Overlee(306.0)_at_Dowden_Terrace(114.0)_2021,24_Overlee(306.0)_at_Dowden_Terrace(114.0)_2021
Overlee(306.0)_at_Dowden_Terrace(114.0)_2021_26_Overlee(306.0)_at_Dowden_Terrace(114.0)_2021,Overlee(306.0)_at_Dowden_Terrace(114.0)_2021,26_Overlee(306.0)_at_Dowden_Terrace(114.0)_2021
Overlee(306.0)_at_Dowden_Terrace(114.0)_2021_28_Overlee(306.0)_at_Dowden_Terrace(114.0)_2021,Overlee(306.0)_at_Dowden_Terrace(114.0)_2021,28_Overlee(306.0)_at_Dowden_Terrace(114.0)_2021
Overlee(306.0)_at_Dowden_Terrace(114.0)_2021_30_Overlee(306.0)_at_Dowden_Terrace(114.0)_2021,Overlee(306.0)_at_Dowden_Terrace(114.0)_2021,30_Overlee(306.0)_at_Dowden_Terrace(114.0)_2021
Overlee(306.0)_at_Dowden_Terrace(114.0)_2021_32_Overlee(306.0)_at_Dowden_Terrace(114.0)_2021,Overlee(306.0)_at_Dowden_Terrace(114.0)_2021,32_Overlee(306.0)_at_Dowden_Terrace(114.0)_2021
Overlee(306.0)_at_Dowden_Terrace(114.0)_2021_34_Overlee(306.0)_at_Dowden_Terrace(114.0)_2021,Overlee(306.0)_at_Dowden_Terrace(114.0)_2021,34_Overlee(306.0)_at_Dowden_Terrace(114.0)_2021
Overlee(306.0)_at_Dowden_Terrace(114.0)_2021_36_Overlee(306.0)_at_Dowden_Terrace(114.0)_2021,Overlee(306.0)_at_Dowden_Terrace(114.0)_2021,36_Overlee(306.0)_at_Dowden_Terrace(114.0)_2021
Overlee(306.0)_at_Dowden_Terrace(114.0)_2021_38_Overlee(306.0)_at_Dowden_Terrace(114.0)_2021,Overlee(306.0)_at_Dowden_Terrace(114.0)_2021,38_Overlee(306.0)_at_Dowden_Terrace(114.0)_2021
Overlee(306.0)_at_Dowden_Terrace(114.0)_2021_40_Overlee(306.0)_at_Dowden_Terrace(114.0)_2021,Overlee(306.0)_at_Dowden_Terrace(114.0)_2021,40_Overlee(306.0)_at_Dowden_Terrace(114.0)_2021
Overlee(306.0)_at_Dowden_Terrace(114.0)_2021_42_Overlee(306.0)_at_Dowden_Terrace(114.0)_2021,Overlee(306.0)_at_Dowden_Terrace(114.0)_2021,42_Overlee(306.0)_at_Dowden_Terrace(114.0)_2021
Overlee(306.0)_at_Dowden_Terrace(114.0)_2021_52_Overlee(306.0)_at_Dowden_Terrace(114.0)_2021,Overlee(306.0)_at_Dowden_Terrace(114.0)_2021,52_Overlee(306.0)_at_Dowden_Terrace(114.0)_2021
Overlee(306.0)_at_Dowden_Terrace(114.0)_2021_44_Overlee(306.0)_at_Dowden_Terrace(114.0)_2021,Overlee(306.0)_at_Dowden_Terrace(114.0)_2021,44_Overlee(306.0)_at_Dowden_Terrace(114.0)_2021
Overlee(306.0)_at_Dowden_Terrace(114.0)_2021_46_Overlee(306.0)_at_Dowden_Terrace(114.0)_2021,Overlee(306.0)_at_Dowden_Terrace(114.0)_2021,46_Overlee(306.0)_at_Dowden_Terrace(114.0)_2021
Overlee(306.0)_at_Dowden_Terrace(114.0)_2021_48_Overlee(306.0)_at_Dowden_Terrace(114.0)_2021,Overlee(306.0)_at_Dowden_Terrace(114.0)_2021,48_Overlee(306.0)_at_Dowden_Terrace(114.0)_2021
Overlee(306.0)_at_Dowden_Terrace(114.0)_2021_50_Overlee(306.0)_at_Dowden_Terrace(114.0)_2021,Overlee(306.0)_at_Dowden_Terrace(114.0)_2021,50_Overlee(306.0)_at_Dowden_Terrace(114.0)_2021
Donaldson_Run(170.0)_at_Tuckahoe(250.0)_2021_1_Donaldson_Run(170.0)_at_Tuckahoe(250.0)_2021,Donaldson_Run(170.0)_at_Tuckahoe(250.0)_2021,1_Donaldson_Run(170.0)_at_Tuckahoe(250.0)_2021
Donaldson_Run(170.0)_at_Tuckahoe(250.0)_2021_3_Donaldson_Run(170.0)_at_Tuckahoe(250.0)_2021,Donaldson_Run(170.0)_at_Tuckahoe(250.0)_2021,3_Donaldson_Run(170.0)_at_Tuckahoe(250.0)_2021
Donaldson_Run(170.0)_at_Tuckahoe(250.0)_2021_5_Donaldson_Run(170.0)_at_Tuckahoe(250.0)_2021,Donaldson_Run(170.0)_at_Tuckahoe(250.0)_2021,5_Donaldson_Run(170.0)_at_Tuckahoe(250.0)_2021
Donaldson_Run(170.0)_at_Tuckahoe(250.0)_2021_7_Donaldson_Run(170.0)_at_Tuckahoe(250.0)_2021,Donaldson_Run(170.0)_at_Tuckahoe(250.0)_2021,7_Donaldson_Run(170.0)_at_Tuckahoe(250.0)_2021
Donaldson_Run(170.0)_at_Tuckahoe(250.0)_2021_9_Donaldson_Run(170.0)_at_Tuckahoe(250.0)_2021,Donaldson_Run(170.0)_at_Tuckahoe(250.0)_2021,9_Donaldson_Run(170.0)_at_Tuckahoe(250.0)_2021
Donaldson_Run(170.0)_at_Tuckahoe(250.0)_2021_11_Donaldson_Run(170.0)_at_Tuckahoe(250.0)_2021,Donaldson_Run(170.0)_at_Tuckahoe(250.0)_2021,11_Donaldson_Run(170.0)_at_Tuckahoe(250.0)_2021
Donaldson_Run(170.0)_at_Tuckahoe(250.0)_2021_13_Donaldson_Run(170.0)_at_Tuckahoe(250.0)_2021,Donaldson_Run(170.0)_at_Tuckahoe(250.0)_2021,13_Donaldson_Run(170.0)_at_Tuckahoe(250.0)_2021
Donaldson_Run(170.0)_at_Tuckahoe(250.0)_2021_15_Donaldson_Run(170.0)_at_Tuckahoe(250.0)_2021,Donaldson_Run(170.0)_at_Tuckahoe(250.0)_2021,15_Donaldson_Run(170.0)_at_Tuckahoe(250.0)_2021
Donaldson_Run(170.0)_at_Tuckahoe(250.0)_2021_17_Donaldson_Run(170.0)_at_Tuckahoe(250.0)_2021,Donaldson_Run(170.0)_at_Tuckahoe(250.0)_2021,17_Donaldson_Run(170.0)_at_Tuckahoe(250.0)_2021
Donaldson_Run(170.0)_at_Tuckahoe(250.0)_2021_19_Donaldson_Run(170.0)_at_Tuckahoe(250.0)_2021,Donaldson_Run(170.0)_at_Tuckahoe(250.0)_2021,19_Donaldson_Run(170.0)_at_Tuckahoe(250.0)_2021
Donaldson_Run(170.0)_at_Tuckahoe(250.0)_2021_21_Donaldson_Run(170.0)_at_Tuckahoe(250.0)_2021,Donaldson_Run(170.0)_at_Tuckahoe(250.0)_2021,21_Donaldson_Run(170.0)_at_Tuckahoe(250.0)_2021
Donaldson_Run(170.0)_at_Tuckahoe(250.0)_2021_23_Donaldson_Run(170.0)_at_Tuckahoe(250.0)_2021,Donaldson_Run(170.0)_at_Tuckahoe(250.0)_2021,23_Donaldson_Run(170.0)_at_Tuckahoe(250.0)_2021
Donaldson_Run(170.0)_at_Tuckahoe(250.0)_2021_25_Donaldson_Run(170.0)_at_Tuckahoe(250.0)_2021,Donaldson_Run(170.0)_at_Tuckahoe(250.0)_2021,25_Donaldson_Run(170.0)_at_Tuckahoe(250.0)_2021
Donaldson_Run(170.0)_at_Tuckahoe(250.0)_2021_27_Donaldson_Run(170.0)_at_Tuckahoe(250.0)_2021,Donaldson_Run(170.0)_at_Tuckahoe(250.0)_2021,27_Donaldson_Run(170.0)_at_Tuckahoe(250.0)_2021
Donaldson_Run(170.0)_at_Tuckahoe(250.0)_2021_29_Donaldson_Run(170.0)_at_Tuckahoe(250.0)_2021,Donaldson_Run(170.0)_at_Tuckahoe(250.0)_2021,29_Donaldson_Run(170.0)_at_Tuckahoe(250.0)_2021
Donaldson_Run(170.0)_at_Tuckahoe(250.0)_2021_31_Donaldson_Run(170.0)_at_Tuckahoe(250.0)_2021,Donaldson_Run(170.0)_at_Tuckahoe(250.0)_2021,31_Donaldson_Run(170.0)_at_Tuckahoe(250.0)_2021
Donaldson_Run(170.0)_at_Tuckahoe(250.0)_2021_33_Donaldson_Run(170.0)_at_Tuckahoe(250.0)_2021,Donaldson_Run(170.0)_at_Tuckahoe(250.0)_2021,33_Donaldson_Run(170.0)_at_Tuckahoe(250.0)_2021
Donaldson_Run(170.0)_at_Tuckahoe(250.0)_2021_35_Donaldson_Run(170.0)_at_Tuckahoe(250.0)_2021,Donaldson_Run(170.0)_at_Tuckahoe(250.0)_2021,35_Donaldson_Run(170.0)_at_Tuckahoe(250.0)_2021
Donaldson_Run(170.0)_at_Tuckahoe(250.0)_2021_37_Donaldson_Run(170.0)_at_Tuckahoe(250.0)_2021,Donaldson_Run(170.0)_at_Tuckahoe(250.0)_2021,37_Donaldson_Run(170.0)_at_Tuckahoe(250.0)_2021
Donaldson_Run(170.0)_at_Tuckahoe(250.0)_2021_39_Donaldson_Run(170.0)_at_Tuckahoe(250.0)_2021,Donaldson_Run(170.0)_at_Tuckahoe(250.0)_2021,39_Donaldson_Run(170.0)_at_Tuckahoe(250.0)_2021
Donaldson_Run(170.0)_at_Tuckahoe(250.0)_2021_41_Donaldson_Run(170.0)_at_Tuckahoe(250.0)_2021,Donaldson_Run(170.0)_at_Tuckahoe(250.0)_2021,41_Donaldson_Run(170.0)_at_Tuckahoe(250.0)_2021
Donaldson_Run(170.0)_at_Tuckahoe(250.0)_2021_51_Donaldson_Run(170.0)_at_Tuckahoe(250.0)_2021,Donaldson_Run(170.0)_at_Tuckahoe(250.0)_2021,51_Donaldson_Run(170.0)_at_Tuckahoe(250.0)_2021
Donaldson_Run(170.0)_at_Tuckahoe(250.0)_2021_43_Donaldson_Run(170.0)_at_Tuckahoe(250.0)_2021,Donaldson_Run(170.0)_at_Tuckahoe(250.0)_2021,43_Donaldson_Run(170.0)_at_Tuckahoe(250.0)_2021
Donaldson_Run(170.0)_at_Tuckahoe(250.0)_2021_45_Donaldson_Run(170.0)_at_Tuckahoe(250.0)_2021,Donaldson_Run(170.0)_at_Tuckahoe(250.0)_2021,45_Donaldson_Run(170.0)_at_Tuckahoe(250.0)_2021
Donaldson_Run(170.0)_at_Tuckahoe(250.0)_2021_47_Donaldson_Run(170.0)_at_Tuckahoe(250.0)_2021,Donaldson_Run(170.0)_at_Tuckahoe(250.0)_2021,47_Donaldson_Run(170.0)_at_Tuckahoe(250.0)_2021
Donaldson_Run(170.0)_at_Tuckahoe(250.0)_2021_49_Donaldson_Run(170.0)_at_Tuckahoe(250.0)_2021,Donaldson_Run(170.0)_at_Tuckahoe(250.0)_2021,49_Donaldson_Run(170.0)_at_Tuckahoe(250.0)_2021
Donaldson_Run(170.0)_at_Tuckahoe(250.0)_2021_2_Donaldson_Run(170.0)_at_Tuckahoe(250.0)_2021,Donaldson_Run(170.0)_at_Tuckahoe(250.0)_2021,2_Donaldson_Run(170.0)_at_Tuckahoe(250.0)_2021
Donaldson_Run(170.0)_at_Tuckahoe(250.0)_2021_4_Donaldson_Run(170.0)_at_Tuckahoe(250.0)_2021,Donaldson_Run(170.0)_at_Tuckahoe(250.0)_2021,4_Donaldson_Run(170.0)_at_Tuckahoe(250.0)_2021
Donaldson_Run(170.0)_at_Tuckahoe(250.0)_2021_6_Donaldson_Run(170.0)_at_Tuckahoe(250.0)_2021,Donaldson_Run(170.0)_at_Tuckahoe(250.0)_2021,6_Donaldson_Run(170.0)_at_Tuckahoe(250.0)_2021
Donaldson_Run(170.0)_at_Tuckahoe(250.0)_2021_8_Donaldson_Run(170.0)_at_Tuckahoe(250.0)_2021,Donaldson_Run(170.0)_at_Tuckahoe(250.0)_2021,8_Donaldson_Run(170.0)_at_Tuckahoe(250.0)_2021
Donaldson_Run(170.0)_at_Tuckahoe(250.0)_2021_10_Donaldson_Run(170.0)_at_Tuckahoe(250.0)_2021,Donaldson_Run(170.0)_at_Tuckahoe(250.0)_2021,10_Donaldson_Run(170.0)_at_Tuckahoe(250.0)_2021
Donaldson_Run(170.0)_at_Tuckahoe(250.0)_2021_12_Donaldson_Run(170.0)_at_Tuckahoe(250.0)_2021,Donaldson_Run(170.0)_at_Tuckahoe(250.0)_2021,12_Donaldson_Run(170.0)_at_Tuckahoe(250.0)_2021
Donaldson_Run(170.0)_at_Tuckahoe(250.0)_2021_14_Donaldson_Run(170.0)_at_Tuckahoe(250.0)_2021,Donaldson_Run(170.0)_at_Tuckahoe(250.0)_2021,14_Donaldson_Run(170.0)_at_Tuckahoe(250.0)_2021
Donaldson_Run(170.0)_at_Tuckahoe(250.0)_2021_16_Donaldson_Run(170.0)_at_Tuckahoe(250.0)_2021,Donaldson_Run(170.0)_at_Tuckahoe(250.0)_2021,16_Donaldson_Run(170.0)_at_Tuckahoe(250.0)_2021
Donaldson_Run(170.0)_at_Tuckahoe(250.0)_2021_18_Donaldson_Run(170.0)_at_Tuckahoe(250.0)_2021,Donaldson_Run(170.0)_at_Tuckahoe(250.0)_2021,18_Donaldson_Run(170.0)_at_Tuckahoe(250.0)_2021
Donaldson_Run(170.0)_at_Tuckahoe(250.0)_2021_20_Donaldson_Run(170.0)_at_Tuckahoe(250.0)_2021,Donaldson_Run(170.0)_at_Tuckahoe(250.0)_2021,20_Donaldson_Run(170.0)_at_Tuckahoe(250.0)_2021
Donaldson_Run(170.0)_at_Tuckahoe(250.0)_2021_22_Donaldson_Run(170.0)_at_Tuckahoe(250.0)_2021,Donaldson_Run(170.0)_at_Tuckahoe(250.0)_2021,22_Donaldson_Run(170.0)_at_Tuckahoe(250.0)_2021
Donaldson_Run(170.0)_at_Tuckahoe(250.0)_2021_24_Donaldson_Run(170.0)_at_Tuckahoe(250.0)_2021,Donaldson_Run(170.0)_at_Tuckahoe(250.0)_2021,24_Donaldson_Run(170.0)_at_Tuckahoe(250.0)_2021
Donaldson_Run(170.0)_at_Tuckahoe(250.0)_2021_26_Donaldson_Run(170.0)_at_Tuckahoe(250.0)_2021,Donaldson_Run(170.0)_at_Tuckahoe(250.0)_2021,26_Donaldson_Run(170.0)_at_Tuckahoe(250.0)_2021
Donaldson_Run(170.0)_at_Tuckahoe(250.0)_2021_28_Donaldson_Run(170.0)_at_Tuckahoe(250.0)_2021,Donaldson_Run(170.0)_at_Tuckahoe(250.0)_2021,28_Donaldson_Run(170.0)_at_Tuckahoe(250.0)_2021
Donaldson_Run(170.0)_at_Tuckahoe(250.0)_2021_30_Donaldson_Run(170.0)_at_Tuckahoe(250.0)_2021,Donaldson_Run(170.0)_at_Tuckahoe(250.0)_2021,30_Donaldson_Run(170.0)_at_Tuckahoe(250.0)_2021
Donaldson_Run(170.0)_at_Tuckahoe(250.0)_2021_32_Donaldson_Run(170.0)_at_Tuckahoe(250.0)_2021,Donaldson_Run(170.0)_at_Tuckahoe(250.0)_2021,32_Donaldson_Run(170.0)_at_Tuckahoe(250.0)_2021
Donaldson_Run(170.0)_at_Tuckahoe(250.0)_2021_34_Donaldson_Run(170.0)_at_Tuckahoe(250.0)_2021,Donaldson_Run(170.0)_at_Tuckahoe(250.0)_2021,34_Donaldson_Run(170.0)_at_Tuckahoe(250.0)_2021
Donaldson_Run(170.0)_at_Tuckahoe(250.0)_2021_36_Donaldson_Run(170.0)_at_Tuckahoe(250.0)_2021,Donaldson_Run(170.0)_at_Tuckahoe(250.0)_2021,36_Donaldson_Run(170.0)_at_Tuckahoe(250.0)_2021
Donaldson_Run(170.0)_at_Tuckahoe(250.0)_2021_38_Donaldson_Run(170.0)_at_Tuckahoe(250.0)_2021,Donaldson_Run(170.0)_at_Tuckahoe(250.0)_2021,38_Donaldson_Run(170.0)_at_Tuckahoe(250.0)_2021
Donaldson_Run(170.0)_at_Tuckahoe(250.0)_2021_40_Donaldson_Run(170.0)_at_Tuckahoe(250.0)_2021,Donaldson_Run(170.0)_at_Tuckahoe(250.0)_2021,40_Donaldson_Run(170.0)_at_Tuckahoe(250.0)_2021
Donaldson_Run(170.0)_at_Tuckahoe(250.0)_2021_42_Donaldson_Run(170.0)_at_Tuckahoe(250.0)_2021,Donaldson_Run(170.0)_at_Tuckahoe(250.0)_2021,42_Donaldson_Run(170.0)_at_Tuckahoe(250.0)_2021
Donaldson_Run(170.0)_at_Tuckahoe(250.0)_2021_52_Donaldson_Run(170.0)_at_Tuckahoe(250.0)_2021,Donaldson_Run(170.0)_at_Tuckahoe(250.0)_2021,52_Donaldson_Run(170.0)_at_Tuckahoe(250.0)_2021
Donaldson_Run(170.0)_at_Tuckahoe(250.0)_2021_44_Donaldson_Run(170.0)_at_Tuckahoe(250.0)_2021,Donaldson_Run(170.0)_at_Tuckahoe(250.0)_2021,44_Donaldson_Run(170.0)_at_Tuckahoe(250.0)_2021
Donaldson_Run(170.0)_at_Tuckahoe(250.0)_2021_46_Donaldson_Run(170.0)_at_Tuckahoe(250.0)_2021,Donaldson_Run(170.0)_at_Tuckahoe(250.0)_2021,46_Donaldson_Run(170.0)_at_Tuckahoe(250.0)_2021
Donaldson_Run(170.0)_at_Tuckahoe(250.0)_2021_48_Donaldson_Run(170.0)_at_Tuckahoe(250.0)_2021,Donaldson_Run(170.0)_at_Tuckahoe(250.0)_2021,48_Donaldson_Run(170.0)_at_Tuckahoe(250.0)_2021
Donaldson_Run(170.0)_at_Tuckahoe(250.0)_2021_50_Donaldson_Run(170.0)_at_Tuckahoe(250.0)_2021,Donaldson_Run(170.0)_at_Tuckahoe(250.0)_2021,50_Donaldson_Run(170.0)_at_Tuckahoe(250.0)_2021
Chesterbrook(212.0)_at_Donaldson_Run(208.0)_2021_1_Chesterbrook(212.0)_at_Donaldson_Run(208.0)_2021,Chesterbrook(212.0)_at_Donaldson_Run(208.0)_2021,1_Chesterbrook(212.0)_at_Donaldson_Run(208.0)_2021
Chesterbrook(212.0)_at_Donaldson_Run(208.0)_2021_3_Chesterbrook(212.0)_at_Donaldson_Run(208.0)_2021,Chesterbrook(212.0)_at_Donaldson_Run(208.0)_2021,3_Chesterbrook(212.0)_at_Donaldson_Run(208.0)_2021
Chesterbrook(212.0)_at_Donaldson_Run(208.0)_2021_5_Chesterbrook(212.0)_at_Donaldson_Run(208.0)_2021,Chesterbrook(212.0)_at_Donaldson_Run(208.0)_2021,5_Chesterbrook(212.0)_at_Donaldson_Run(208.0)_2021
Chesterbrook(212.0)_at_Donaldson_Run(208.0)_2021_7_Chesterbrook(212.0)_at_Donaldson_Run(208.0)_2021,Chesterbrook(212.0)_at_Donaldson_Run(208.0)_2021,7_Chesterbrook(212.0)_at_Donaldson_Run(208.0)_2021
Chesterbrook(212.0)_at_Donaldson_Run(208.0)_2021_9_Chesterbrook(212.0)_at_Donaldson_Run(208.0)_2021,Chesterbrook(212.0)_at_Donaldson_Run(208.0)_2021,9_Chesterbrook(212.0)_at_Donaldson_Run(208.0)_2021
Chesterbrook(212.0)_at_Donaldson_Run(208.0)_2021_11_Chesterbrook(212.0)_at_Donaldson_Run(208.0)_2021,Chesterbrook(212.0)_at_Donaldson_Run(208.0)_2021,11_Chesterbrook(212.0)_at_Donaldson_Run(208.0)_2021
Highlands_Swim(175.0)_at_Overlee(245.0)_2021_1_Highlands_Swim(175.0)_at_Overlee(245.0)_2021,Highlands_Swim(175.0)_at_Overlee(245.0)_2021,1_Highlands_Swim(175.0)_at_Overlee(245.0)_2021
Highlands_Swim(175.0)_at_Overlee(245.0)_2021_3_Highlands_Swim(175.0)_at_Overlee(245.0)_2021,Highlands_Swim(175.0)_at_Overlee(245.0)_2021,3_Highlands_Swim(175.0)_at_Overlee(245.0)_2021
Highlands_Swim(175.0)_at_Overlee(245.0)_2021_5_Highlands_Swim(175.0)_at_Overlee(245.0)_2021,Highlands_Swim(175.0)_at_Overlee(245.0)_2021,5_Highlands_Swim(175.0)_at_Overlee(245.0)_2021
Highlands_Swim(175.0)_at_Overlee(245.0)_2021_7_Highlands_Swim(175.0)_at_Overlee(245.0)_2021,Highlands_Swim(175.0)_at_Overlee(245.0)_2021,7_Highlands_Swim(175.0)_at_Overlee(245.0)_2021
Highlands_Swim(175.0)_at_Overlee(245.0)_2021_9_Highlands_Swim(175.0)_at_Overlee(245.0)_2021,Highlands_Swim(175.0)_at_Overlee(245.0)_2021,9_Highlands_Swim(175.0)_at_Overlee(245.0)_2021
Highlands_Swim(175.0)_at_Overlee(245.0)_2021_11_Highlands_Swim(175.0)_at_Overlee(245.0)_2021,Highlands_Swim(175.0)_at_Overlee(245.0)_2021,11_Highlands_Swim(175.0)_at_Overlee(245.0)_2021
Highlands_Swim(175.0)_at_Overlee(245.0)_2021_13_Highlands_Swim(175.0)_at_Overlee(245.0)_2021,Highlands_Swim(175.0)_at_Overlee(245.0)_2021,13_Highlands_Swim(175.0)_at_Overlee(245.0)_2021
Highlands_Swim(175.0)_at_Overlee(245.0)_2021_15_Highlands_Swim(175.0)_at_Overlee(245.0)_2021,Highlands_Swim(175.0)_at_Overlee(245.0)_2021,15_Highlands_Swim(175.0)_at_Overlee(245.0)_2021
Highlands_Swim(175.0)_at_Overlee(245.0)_2021_17_Highlands_Swim(175.0)_at_Overlee(245.0)_2021,Highlands_Swim(175.0)_at_Overlee(245.0)_2021,17_Highlands_Swim(175.0)_at_Overlee(245.0)_2021
Highlands_Swim(175.0)_at_Overlee(245.0)_2021_19_Highlands_Swim(175.0)_at_Overlee(245.0)_2021,Highlands_Swim(175.0)_at_Overlee(245.0)_2021,19_Highlands_Swim(175.0)_at_Overlee(245.0)_2021
Highlands_Swim(175.0)_at_Overlee(245.0)_2021_21_Highlands_Swim(175.0)_at_Overlee(245.0)_2021,Highlands_Swim(175.0)_at_Overlee(245.0)_2021,21_Highlands_Swim(175.0)_at_Overlee(245.0)_2021
Highlands_Swim(175.0)_at_Overlee(245.0)_2021_23_Highlands_Swim(175.0)_at_Overlee(245.0)_2021,Highlands_Swim(175.0)_at_Overlee(245.0)_2021,23_Highlands_Swim(175.0)_at_Overlee(245.0)_2021
Highlands_Swim(175.0)_at_Overlee(245.0)_2021_25_Highlands_Swim(175.0)_at_Overlee(245.0)_2021,Highlands_Swim(175.0)_at_Overlee(245.0)_2021,25_Highlands_Swim(175.0)_at_Overlee(245.0)_2021
Highlands_Swim(175.0)_at_Overlee(245.0)_2021_27_Highlands_Swim(175.0)_at_Overlee(245.0)_2021,Highlands_Swim(175.0)_at_Overlee(245.0)_2021,27_Highlands_Swim(175.0)_at_Overlee(245.0)_2021
Highlands_Swim(175.0)_at_Overlee(245.0)_2021_29_Highlands_Swim(175.0)_at_Overlee(245.0)_2021,Highlands_Swim(175.0)_at_Overlee(245.0)_2021,29_Highlands_Swim(175.0)_at_Overlee(245.0)_2021
Highlands_Swim(175.0)_at_Overlee(245.0)_2021_31_Highlands_Swim(175.0)_at_Overlee(245.0)_2021,Highlands_Swim(175.0)_at_Overlee(245.0)_2021,31_Highlands_Swim(175.0)_at_Overlee(245.0)_2021
Highlands_Swim(175.0)_at_Overlee(245.0)_2021_33_Highlands_Swim(175.0)_at_Overlee(245.0)_2021,Highlands_Swim(175.0)_at_Overlee(245.0)_2021,33_Highlands_Swim(175.0)_at_Overlee(245.0)_2021
Highlands_Swim(175.0)_at_Overlee(245.0)_2021_35_Highlands_Swim(175.0)_at_Overlee(245.0)_2021,Highlands_Swim(175.0)_at_Overlee(245.0)_2021,35_Highlands_Swim(175.0)_at_Overlee(245.0)_2021
Highlands_Swim(175.0)_at_Overlee(245.0)_2021_37_Highlands_Swim(175.0)_at_Overlee(245.0)_2021,Highlands_Swim(175.0)_at_Overlee(245.0)_2021,37_Highlands_Swim(175.0)_at_Overlee(245.0)_2021
Highlands_Swim(175.0)_at_Overlee(245.0)_2021_39_Highlands_Swim(175.0)_at_Overlee(245.0)_2021,Highlands_Swim(175.0)_at_Overlee(245.0)_2021,39_Highlands_Swim(175.0)_at_Overlee(245.0)_2021
Highlands_Swim(175.0)_at_Overlee(245.0)_2021_41_Highlands_Swim(175.0)_at_Overlee(245.0)_2021,Highlands_Swim(175.0)_at_Overlee(245.0)_2021,41_Highlands_Swim(175.0)_at_Overlee(245.0)_2021
Highlands_Swim(175.0)_at_Overlee(245.0)_2021_51_Highlands_Swim(175.0)_at_Overlee(245.0)_2021,Highlands_Swim(175.0)_at_Overlee(245.0)_2021,51_Highlands_Swim(175.0)_at_Overlee(245.0)_2021
Highlands_Swim(175.0)_at_Overlee(245.0)_2021_43_Highlands_Swim(175.0)_at_Overlee(245.0)_2021,Highlands_Swim(175.0)_at_Overlee(245.0)_2021,43_Highlands_Swim(175.0)_at_Overlee(245.0)_2021
Highlands_Swim(175.0)_at_Overlee(245.0)_2021_45_Highlands_Swim(175.0)_at_Overlee(245.0)_2021,Highlands_Swim(175.0)_at_Overlee(245.0)_2021,45_Highlands_Swim(175.0)_at_Overlee(245.0)_2021
Highlands_Swim(175.0)_at_Overlee(245.0)_2021_47_Highlands_Swim(175.0)_at_Overlee(245.0)_2021,Highlands_Swim(175.0)_at_Overlee(245.0)_2021,47_Highlands_Swim(175.0)_at_Overlee(245.0)_2021
Highlands_Swim(175.0)_at_Overlee(245.0)_2021_49_Highlands_Swim(175.0)_at_Overlee(245.0)_2021,Highlands_Swim(175.0)_at_Overlee(245.0)_2021,49_Highlands_Swim(175.0)_at_Overlee(245.0)_2021
Highlands_Swim(175.0)_at_Overlee(245.0)_2021_2_Highlands_Swim(175.0)_at_Overlee(245.0)_2021,Highlands_Swim(175.0)_at_Overlee(245.0)_2021,2_Highlands_Swim(175.0)_at_Overlee(245.0)_2021
Highlands_Swim(175.0)_at_Overlee(245.0)_2021_4_Highlands_Swim(175.0)_at_Overlee(245.0)_2021,Highlands_Swim(175.0)_at_Overlee(245.0)_2021,4_Highlands_Swim(175.0)_at_Overlee(245.0)_2021
Highlands_Swim(175.0)_at_Overlee(245.0)_2021_6_Highlands_Swim(175.0)_at_Overlee(245.0)_2021,Highlands_Swim(175.0)_at_Overlee(245.0)_2021,6_Highlands_Swim(175.0)_at_Overlee(245.0)_2021
Highlands_Swim(175.0)_at_Overlee(245.0)_2021_8_Highlands_Swim(175.0)_at_Overlee(245.0)_2021,Highlands_Swim(175.0)_at_Overlee(245.0)_2021,8_Highlands_Swim(175.0)_at_Overlee(245.0)_2021
Highlands_Swim(175.0)_at_Overlee(245.0)_2021_10_Highlands_Swim(175.0)_at_Overlee(245.0)_2021,Highlands_Swim(175.0)_at_Overlee(245.0)_2021,10_Highlands_Swim(175.0)_at_Overlee(245.0)_2021
Highlands_Swim(175.0)_at_Overlee(245.0)_2021_12_Highlands_Swim(175.0)_at_Overlee(245.0)_2021,Highlands_Swim(175.0)_at_Overlee(245.0)_2021,12_Highlands_Swim(175.0)_at_Overlee(245.0)_2021
Highlands_Swim(175.0)_at_Overlee(245.0)_2021_14_Highlands_Swim(175.0)_at_Overlee(245.0)_2021,Highlands_Swim(175.0)_at_Overlee(245.0)_2021,14_Highlands_Swim(175.0)_at_Overlee(245.0)_2021
Highlands_Swim(175.0)_at_Overlee(245.0)_2021_16_Highlands_Swim(175.0)_at_Overlee(245.0)_2021,Highlands_Swim(175.0)_at_Overlee(245.0)_2021,16_Highlands_Swim(175.0)_at_Overlee(245.0)_2021
Highlands_Swim(175.0)_at_Overlee(245.0)_2021_18_Highlands_Swim(175.0)_at_Overlee(245.0)_2021,Highlands_Swim(175.0)_at_Overlee(245.0)_2021,18_Highlands_Swim(175.0)_at_Overlee(245.0)_2021
Highlands_Swim(175.0)_at_Overlee(245.0)_2021_20_Highlands_Swim(175.0)_at_Overlee(245.0)_2021,Highlands_Swim(175.0)_at_Overlee(245.0)_2021,20_Highlands_Swim(175.0)_at_Overlee(245.0)_2021
Highlands_Swim(175.0)_at_Overlee(245.0)_2021_22_Highlands_Swim(175.0)_at_Overlee(245.0)_2021,Highlands_Swim(175.0)_at_Overlee(245.0)_2021,22_Highlands_Swim(175.0)_at_Overlee(245.0)_2021
Highlands_Swim(175.0)_at_Overlee(245.0)_2021_24_Highlands_Swim(175.0)_at_Overlee(245.0)_2021,Highlands_Swim(175.0)_at_Overlee(245.0)_2021,24_Highlands_Swim(175.0)_at_Overlee(245.0)_2021
Highlands_Swim(175.0)_at_Overlee(245.0)_2021_26_Highlands_Swim(175.0)_at_Overlee(245.0)_2021,Highlands_Swim(175.0)_at_Overlee(245.0)_2021,26_Highlands_Swim(175.0)_at_Overlee(245.0)_2021
Highlands_Swim(175.0)_at_Overlee(245.0)_2021_28_Highlands_Swim(175.0)_at_Overlee(245.0)_2021,Highlands_Swim(175.0)_at_Overlee(245.0)_2021,28_Highlands_Swim(175.0)_at_Overlee(245.0)_2021
Highlands_Swim(175.0)_at_Overlee(245.0)_2021_30_Highlands_Swim(175.0)_at_Overlee(245.0)_2021,Highlands_Swim(175.0)_at_Overlee(245.0)_2021,30_Highlands_Swim(175.0)_at_Overlee(245.0)_2021
Highlands_Swim(175.0)_at_Overlee(245.0)_2021_32_Highlands_Swim(175.0)_at_Overlee(245.0)_2021,Highlands_Swim(175.0)_at_Overlee(245.0)_2021,32_Highlands_Swim(175.0)_at_Overlee(245.0)_2021
Highlands_Swim(175.0)_at_Overlee(245.0)_2021_34_Highlands_Swim(175.0)_at_Overlee(245.0)_2021,Highlands_Swim(175.0)_at_Overlee(245.0)_2021,34_Highlands_Swim(175.0)_at_Overlee(245.0)_2021
Highlands_Swim(175.0)_at_Overlee(245.0)_2021_36_Highlands_Swim(175.0)_at_Overlee(245.0)_2021,Highlands_Swim(175.0)_at_Overlee(245.0)_2021,36_Highlands_Swim(175.0)_at_Overlee(245.0)_2021
Highlands_Swim(175.0)_at_Overlee(245.0)_2021_38_Highlands_Swim(175.0)_at_Overlee(245.0)_2021,Highlands_Swim(175.0)_at_Overlee(245.0)_2021,38_Highlands_Swim(175.0)_at_Overlee(245.0)_2021
Highlands_Swim(175.0)_at_Overlee(245.0)_2021_40_Highlands_Swim(175.0)_at_Overlee(245.0)_2021,Highlands_Swim(175.0)_at_Overlee(245.0)_2021,40_Highlands_Swim(175.0)_at_Overlee(245.0)_2021
Highlands_Swim(175.0)_at_Overlee(245.0)_2021_42_Highlands_Swim(175.0)_at_Overlee(245.0)_2021,Highlands_Swim(175.0)_at_Overlee(245.0)_2021,42_Highlands_Swim(175.0)_at_Overlee(245.0)_2021
Highlands_Swim(175.0)_at_Overlee(245.0)_2021_52_Highlands_Swim(175.0)_at_Overlee(245.0)_2021,Highlands_Swim(175.0)_at_Overlee(245.0)_2021,52_Highlands_Swim(175.0)_at_Overlee(245.0)_2021
Highlands_Swim(175.0)_at_Overlee(245.0)_2021_44_Highlands_Swim(175.0)_at_Overlee(245.0)_2021,Highlands_Swim(175.0)_at_Overlee(245.0)_2021,44_Highlands_Swim(175.0)_at_Overlee(245.0)_2021
Highlands_Swim(175.0)_at_Overlee(245.0)_2021_46_Highlands_Swim(175.0)_at_Overlee(245.0)_2021,Highlands_Swim(175.0)_at_Overlee(245.0)_2021,46_Highlands_Swim(175.0)_at_Overlee(245.0)_2021
Highlands_Swim(175.0)_at_Overlee(245.0)_2021_48_Highlands_Swim(175.0)_at_Overlee(245.0)_2021,Highlands_Swim(175.0)_at_Overlee(245.0)_2021,48_Highlands_Swim(175.0)_at_Overlee(245.0)_2021
Highlands_Swim(175.0)_at_Overlee(245.0)_2021_50_Highlands_Swim(175.0)_at_Overlee(245.0)_2021,Highlands_Swim(175.0)_at_Overlee(245.0)_2021,50_Highlands_Swim(175.0)_at_Overlee(245.0)_2021
Tuckahoe(277.0)_at_Dowden_Terrace(142.0)_2021_1_Tuckahoe(277.0)_at_Dowden_Terrace(142.0)_2021,Tuckahoe(277.0)_at_Dowden_Terrace(142.0)_2021,1_Tuckahoe(277.0)_at_Dowden_Terrace(142.0)_2021
Tuckahoe(277.0)_at_Dowden_Terrace(142.0)_2021_3_Tuckahoe(277.0)_at_Dowden_Terrace(142.0)_2021,Tuckahoe(277.0)_at_Dowden_Terrace(142.0)_2021,3_Tuckahoe(277.0)_at_Dowden_Terrace(142.0)_2021
Tuckahoe(277.0)_at_Dowden_Terrace(142.0)_2021_5_Tuckahoe(277.0)_at_Dowden_Terrace(142.0)_2021,Tuckahoe(277.0)_at_Dowden_Terrace(142.0)_2021,5_Tuckahoe(277.0)_at_Dowden_Terrace(142.0)_2021
Tuckahoe(277.0)_at_Dowden_Terrace(142.0)_2021_7_Tuckahoe(277.0)_at_Dowden_Terrace(142.0)_2021,Tuckahoe(277.0)_at_Dowden_Terrace(142.0)_2021,7_Tuckahoe(277.0)_at_Dowden_Terrace(142.0)_2021
Tuckahoe(277.0)_at_Dowden_Terrace(142.0)_2021_9_Tuckahoe(277.0)_at_Dowden_Terrace(142.0)_2021,Tuckahoe(277.0)_at_Dowden_Terrace(142.0)_2021,9_Tuckahoe(277.0)_at_Dowden_Terrace(142.0)_2021
Tuckahoe(277.0)_at_Dowden_Terrace(142.0)_2021_11_Tuckahoe(277.0)_at_Dowden_Terrace(142.0)_2021,Tuckahoe(277.0)_at_Dowden_Terrace(142.0)_2021,11_Tuckahoe(277.0)_at_Dowden_Terrace(142.0)_2021
Tuckahoe(277.0)_at_Dowden_Terrace(142.0)_2021_13_Tuckahoe(277.0)_at_Dowden_Terrace(142.0)_2021,Tuckahoe(277.0)_at_Dowden_Terrace(142.0)_2021,13_Tuckahoe(277.0)_at_Dowden_Terrace(142.0)_2021
Tuckahoe(277.0)_at_Dowden_Terrace(142.0)_2021_15_Tuckahoe(277.0)_at_Dowden_Terrace(142.0)_2021,Tuckahoe(277.0)_at_Dowden_Terrace(142.0)_2021,15_Tuckahoe(277.0)_at_Dowden_Terrace(142.0)_2021
Tuckahoe(277.0)_at_Dowden_Terrace(142.0)_2021_17_Tuckahoe(277.0)_at_Dowden_Terrace(142.0)_2021,Tuckahoe(277.0)_at_Dowden_Terrace(142.0)_2021,17_Tuckahoe(277.0)_at_Dowden_Terrace(142.0)_2021
Tuckahoe(277.0)_at_Dowden_Terrace(142.0)_2021_19_Tuckahoe(277.0)_at_Dowden_Terrace(142.0)_2021,Tuckahoe(277.0)_at_Dowden_Terrace(142.0)_2021,19_Tuckahoe(277.0)_at_Dowden_Terrace(142.0)_2021
Tuckahoe(277.0)_at_Dowden_Terrace(142.0)_2021_21_Tuckahoe(277.0)_at_Dowden_Terrace(142.0)_2021,Tuckahoe(277.0)_at_Dowden_Terrace(142.0)_2021,21_Tuckahoe(277.0)_at_Dowden_Terrace(142.0)_2021
Tuckahoe(277.0)_at_Dowden_Terrace(142.0)_2021_23_Tuckahoe(277.0)_at_Dowden_Terrace(142.0)_2021,Tuckahoe(277.0)_at_Dowden_Terrace(142.0)_2021,23_Tuckahoe(277.0)_at_Dowden_Terrace(142.0)_2021
Tuckahoe(277.0)_at_Dowden_Terrace(142.0)_2021_25_Tuckahoe(277.0)_at_Dowden_Terrace(142.0)_2021,Tuckahoe(277.0)_at_Dowden_Terrace(142.0)_2021,25_Tuckahoe(277.0)_at_Dowden_Terrace(142.0)_2021
Tuckahoe(277.0)_at_Dowden_Terrace(142.0)_2021_27_Tuckahoe(277.0)_at_Dowden_Terrace(142.0)_2021,Tuckahoe(277.0)_at_Dowden_Terrace(142.0)_2021,27_Tuckahoe(277.0)_at_Dowden_Terrace(142.0)_2021
Tuckahoe(277.0)_at_Dowden_Terrace(142.0)_2021_29_Tuckahoe(277.0)_at_Dowden_Terrace(142.0)_2021,Tuckahoe(277.0)_at_Dowden_Terrace(142.0)_2021,29_Tuckahoe(277.0)_at_Dowden_Terrace(142.0)_2021
Tuckahoe(277.0)_at_Dowden_Terrace(142.0)_2021_31_Tuckahoe(277.0)_at_Dowden_Terrace(142.0)_2021,Tuckahoe(277.0)_at_Dowden_Terrace(142.0)_2021,31_Tuckahoe(277.0)_at_Dowden_Terrace(142.0)_2021
Tuckahoe(277.0)_at_Dowden_Terrace(142.0)_2021_33_Tuckahoe(277.0)_at_Dowden_Terrace(142.0)_2021,Tuckahoe(277.0)_at_Dowden_Terrace(142.0)_2021,33_Tuckahoe(277.0)_at_Dowden_Terrace(142.0)_2021
Tuckahoe(277.0)_at_Dowden_Terrace(142.0)_2021_35_Tuckahoe(277.0)_at_Dowden_Terrace(142.0)_2021,Tuckahoe(277.0)_at_Dowden_Terrace(142.0)_2021,35_Tuckahoe(277.0)_at_Dowden_Terrace(142.0)_2021
Tuckahoe(277.0)_at_Dowden_Terrace(142.0)_2021_37_Tuckahoe(277.0)_at_Dowden_Terrace(142.0)_2021,Tuckahoe(277.0)_at_Dowden_Terrace(142.0)_2021,37_Tuckahoe(277.0)_at_Dowden_Terrace(142.0)_2021
Tuckahoe(277.0)_at_Dowden_Terrace(142.0)_2021_39_Tuckahoe(277.0)_at_Dowden_Terrace(142.0)_2021,Tuckahoe(277.0)_at_Dowden_Terrace(142.0)_2021,39_Tuckahoe(277.0)_at_Dowden_Terrace(142.0)_2021
Tuckahoe(277.0)_at_Dowden_Terrace(142.0)_2021_41_Tuckahoe(277.0)_at_Dowden_Terrace(142.0)_2021,Tuckahoe(277.0)_at_Dowden_Terrace(142.0)_2021,41_Tuckahoe(277.0)_at_Dowden_Terrace(142.0)_2021
Tuckahoe(277.0)_at_Dowden_Terrace(142.0)_2021_51_Tuckahoe(277.0)_at_Dowden_Terrace(142.0)_2021,Tuckahoe(277.0)_at_Dowden_Terrace(142.0)_2021,51_Tuckahoe(277.0)_at_Dowden_Terrace(142.0)_2021
Tuckahoe(277.0)_at_Dowden_Terrace(142.0)_2021_43_Tuckahoe(277.0)_at_Dowden_Terrace(142.0)_2021,Tuckahoe(277.0)_at_Dowden_Terrace(142.0)_2021,43_Tuckahoe(277.0)_at_Dowden_Terrace(142.0)_2021
Tuckahoe(277.0)_at_Dowden_Terrace(142.0)_2021_45_Tuckahoe(277.0)_at_Dowden_Terrace(142.0)_2021,Tuckahoe(277.0)_at_Dowden_Terrace(142.0)_2021,45_Tuckahoe(277.0)_at_Dowden_Terrace(142.0)_2021
Tuckahoe(277.0)_at_Dowden_Terrace(142.0)_2021_47_Tuckahoe(277.0)_at_Dowden_Terrace(142.0)_2021,Tuckahoe(277.0)_at_Dowden_Terrace(142.0)_2021,47_Tuckahoe(277.0)_at_Dowden_Terrace(142.0)_2021
Tuckahoe(277.0)_at_Dowden_Terrace(142.0)_2021_49_Tuckahoe(277.0)_at_Dowden_Terrace(142.0)_2021,Tuckahoe(277.0)_at_Dowden_Terrace(142.0)_2021,49_Tuckahoe(277.0)_at_Dowden_Terrace(142.0)_2021
Tuckahoe(277.0)_at_Dowden_Terrace(142.0)_2021_2_Tuckahoe(277.0)_at_Dowden_Terrace(142.0)_2021,Tuckahoe(277.0)_at_Dowden_Terrace(142.0)_2021,2_Tuckahoe(277.0)_at_Dowden_Terrace(142.0)_2021
Tuckahoe(277.0)_at_Dowden_Terrace(142.0)_2021_4_Tuckahoe(277.0)_at_Dowden_Terrace(142.0)_2021,Tuckahoe(277.0)_at_Dowden_Terrace(142.0)_2021,4_Tuckahoe(277.0)_at_Dowden_Terrace(142.0)_2021
Tuckahoe(277.0)_at_Dowden_Terrace(142.0)_2021_6_Tuckahoe(277.0)_at_Dowden_Terrace(142.0)_2021,Tuckahoe(277.0)_at_Dowden_Terrace(142.0)_2021,6_Tuckahoe(277.0)_at_Dowden_Terrace(142.0)_2021
Tuckahoe(277.0)_at_Dowden_Terrace(142.0)_2021_8_Tuckahoe(277.0)_at_Dowden_Terrace(142.0)_2021,Tuckahoe(277.0)_at_Dowden_Terrace(142.0)_2021,8_Tuckahoe(277.0)_at_Dowden_Terrace(142.0)_2021
Tuckahoe(277.0)_at_Dowden_Terrace(142.0)_2021_10_Tuckahoe(277.0)_at_Dowden_Terrace(142.0)_2021,Tuckahoe(277.0)_at_Dowden_Terrace(142.0)_2021,10_Tuckahoe(277.0)_at_Dowden_Terrace(142.0)_2021
Tuckahoe(277.0)_at_Dowden_Terrace(142.0)_2021_12_Tuckahoe(277.0)_at_Dowden_Terrace(142.0)_2021,Tuckahoe(277.0)_at_Dowden_Terrace(142.0)_2021,12_Tuckahoe(277.0)_at_Dowden_Terrace(142.0)_2021
Tuckahoe(277.0)_at_Dowden_Terrace(142.0)_2021_14_Tuckahoe(277.0)_at_Dowden_Terrace(142.0)_2021,Tuckahoe(277.0)_at_Dowden_Terrace(142.0)_2021,14_Tuckahoe(277.0)_at_Dowden_Terrace(142.0)_2021
Tuckahoe(277.0)_at_Dowden_Terrace(142.0)_2021_16_Tuckahoe(277.0)_at_Dowden_Terrace(142.0)_2021,Tuckahoe(277.0)_at_Dowden_Terrace(142.0)_2021,16_Tuckahoe(277.0)_at_Dowden_Terrace(142.0)_2021
Tuckahoe(277.0)_at_Dowden_Terrace(142.0)_2021_18_Tuckahoe(277.0)_at_Dowden_Terrace(142.0)_2021,Tuckahoe(277.0)_at_Dowden_Terrace(142.0)_2021,18_Tuckahoe(277.0)_at_Dowden_Terrace(142.0)_2021
Tuckahoe(277.0)_at_Dowden_Terrace(142.0)_2021_20_Tuckahoe(277.0)_at_Dowden_Terrace(142.0)_2021,Tuckahoe(277.0)_at_Dowden_Terrace(142.0)_2021,20_Tuckahoe(277.0)_at_Dowden_Terrace(142.0)_2021
Tuckahoe(277.0)_at_Dowden_Terrace(142.0)_2021_22_Tuckahoe(277.0)_at_Dowden_Terrace(142.0)_2021,Tuckahoe(277.0)_at_Dowden_Terrace(142.0)_2021,22_Tuckahoe(277.0)_at_Dowden_Terrace(142.0)_2021
Tuckahoe(277.0)_at_Dowden_Terrace(142.0)_2021_24_Tuckahoe(277.0)_at_Dowden_Terrace(142.0)_2021,Tuckahoe(277.0)_at_Dowden_Terrace(142.0)_2021,24_Tuckahoe(277.0)_at_Dowden_Terrace(142.0)_2021
Tuckahoe(277.0)_at_Dowden_Terrace(142.0)_2021_26_Tuckahoe(277.0)_at_Dowden_Terrace(142.0)_2021,Tuckahoe(277.0)_at_Dowden_Terrace(142.0)_2021,26_Tuckahoe(277.0)_at_Dowden_Terrace(142.0)_2021
Tuckahoe(277.0)_at_Dowden_Terrace(142.0)_2021_28_Tuckahoe(277.0)_at_Dowden_Terrace(142.0)_2021,Tuckahoe(277.0)_at_Dowden_Terrace(142.0)_2021,28_Tuckahoe(277.0)_at_Dowden_Terrace(142.0)_2021
Tuckahoe(277.0)_at_Dowden_Terrace(142.0)_2021_30_Tuckahoe(277.0)_at_Dowden_Terrace(142.0)_2021,Tuckahoe(277.0)_at_Dowden_Terrace(142.0)_2021,30_Tuckahoe(277.0)_at_Dowden_Terrace(142.0)_2021
Tuckahoe(277.0)_at_Dowden_Terrace(142.0)_2021_32_Tuckahoe(277.0)_at_Dowden_Terrace(142.0)_2021,Tuckahoe(277.0)_at_Dowden_Terrace(142.0)_2021,32_Tuckahoe(277.0)_at_Dowden_Terrace(142.0)_2021
Tuckahoe(277.0)_at_Dowden_Terrace(142.0)_2021_34_Tuckahoe(277.0)_at_Dowden_Terrace(142.0)_2021,Tuckahoe(277.0)_at_Dowden_Terrace(142.0)_2021,34_Tuckahoe(277.0)_at_Dowden_Terrace(142.0)_2021
Tuckahoe(277.0)_at_Dowden_Terrace(142.0)_2021_36_Tuckahoe(277.0)_at_Dowden_Terrace(142.0)_2021,Tuckahoe(277.0)_at_Dowden_Terrace(142.0)_2021,36_Tuckahoe(277.0)_at_Dowden_Terrace(142.0)_2021
Tuckahoe(277.0)_at_Dowden_Terrace(142.0)_2021_38_Tuckahoe(277.0)_at_Dowden_Terrace(142.0)_2021,Tuckahoe(277.0)_at_Dowden_Terrace(142.0)_2021,38_Tuckahoe(277.0)_at_Dowden_Terrace(142.0)_2021
Tuckahoe(277.0)_at_Dowden_Terrace(142.0)_2021_40_Tuckahoe(277.0)_at_Dowden_Terrace(142.0)_2021,Tuckahoe(277.0)_at_Dowden_Terrace(142.0)_2021,40_Tuckahoe(277.0)_at_Dowden_Terrace(142.0)_2021
Tuckahoe(277.0)_at_Dowden_Terrace(142.0)_2021_42_Tuckahoe(277.0)_at_Dowden_Terrace(142.0)_2021,Tuckahoe(277.0)_at_Dowden_Terrace(142.0)_2021,42_Tuckahoe(277.0)_at_Dowden_Terrace(142.0)_2021
Tuckahoe(277.0)_at_Dowden_Terrace(142.0)_2021_52_Tuckahoe(277.0)_at_Dowden_Terrace(142.0)_2021,Tuckahoe(277.0)_at_Dowden_Terrace(142.0)_2021,52_Tuckahoe(277.0)_at_Dowden_Terrace(142.0)_2021
Tuckahoe(277.0)_at_Dowden_Terrace(142.0)_2021_44_Tuckahoe(277.0)_at_Dowden_Terrace(142.0)_2021,Tuckahoe(277.0)_at_Dowden_Terrace(142.0)_2021,44_Tuckahoe(277.0)_at_Dowden_Terrace(142.0)_2021
Tuckahoe(277.0)_at_Dowden_Terrace(142.0)_2021_46_Tuckahoe(277.0)_at_Dowden_Terrace(142.0)_2021,Tuckahoe(277.0)_at_Dowden_Terrace(142.0)_2021,46_Tuckahoe(277.0)_at_Dowden_Terrace(142.0)_2021
Tuckahoe(277.0)_at_Dowden_Terrace(142.0)_2021_48_Tuckahoe(277.0)_at_Dowden_Terrace(142.0)_2021,Tuckahoe(277.0)_at_Dowden_Terrace(142.0)_2021,48_Tuckahoe(277.0)_at_Dowden_Terrace(142.0)_2021
Tuckahoe(277.0)_at_Dowden_Terrace(142.0)_2021_50_Tuckahoe(277.0)_at_Dowden_Terrace(142.0)_2021,Tuckahoe(277.0)_at_Dowden_Terrace(142.0)_2021,50_Tuckahoe(277.0)_at_Dowden_Terrace(142.0)_2021
Chesterbrook(196.5)_at_Tuckahoe(223.5)_2021_1_Chesterbrook(196.5)_at_Tuckahoe(223.5)_2021,Chesterbrook(196.5)_at_Tuckahoe(223.5)_2021,1_Chesterbrook(196.5)_at_Tuckahoe(223.5)_2021
Chesterbrook(196.5)_at_Tuckahoe(223.5)_2021_3_Chesterbrook(196.5)_at_Tuckahoe(223.5)_2021,Chesterbrook(196.5)_at_Tuckahoe(223.5)_2021,3_Chesterbrook(196.5)_at_Tuckahoe(223.5)_2021
Chesterbrook(196.5)_at_Tuckahoe(223.5)_2021_5_Chesterbrook(196.5)_at_Tuckahoe(223.5)_2021,Chesterbrook(196.5)_at_Tuckahoe(223.5)_2021,5_Chesterbrook(196.5)_at_Tuckahoe(223.5)_2021
Chesterbrook(196.5)_at_Tuckahoe(223.5)_2021_7_Chesterbrook(196.5)_at_Tuckahoe(223.5)_2021,Chesterbrook(196.5)_at_Tuckahoe(223.5)_2021,7_Chesterbrook(196.5)_at_Tuckahoe(223.5)_2021
Chesterbrook(196.5)_at_Tuckahoe(223.5)_2021_9_Chesterbrook(196.5)_at_Tuckahoe(223.5)_2021,Chesterbrook(196.5)_at_Tuckahoe(223.5)_2021,9_Chesterbrook(196.5)_at_Tuckahoe(223.5)_2021
Chesterbrook(196.5)_at_Tuckahoe(223.5)_2021_11_Chesterbrook(196.5)_at_Tuckahoe(223.5)_2021,Chesterbrook(196.5)_at_Tuckahoe(223.5)_2021,11_Chesterbrook(196.5)_at_Tuckahoe(223.5)_2021
Chesterbrook(196.5)_at_Tuckahoe(223.5)_2021_13_Chesterbrook(196.5)_at_Tuckahoe(223.5)_2021,Chesterbrook(196.5)_at_Tuckahoe(223.5)_2021,13_Chesterbrook(196.5)_at_Tuckahoe(223.5)_2021
Chesterbrook(196.5)_at_Tuckahoe(223.5)_2021_15_Chesterbrook(196.5)_at_Tuckahoe(223.5)_2021,Chesterbrook(196.5)_at_Tuckahoe(223.5)_2021,15_Chesterbrook(196.5)_at_Tuckahoe(223.5)_2021
Chesterbrook(196.5)_at_Tuckahoe(223.5)_2021_17_Chesterbrook(196.5)_at_Tuckahoe(223.5)_2021,Chesterbrook(196.5)_at_Tuckahoe(223.5)_2021,17_Chesterbrook(196.5)_at_Tuckahoe(223.5)_2021
Chesterbrook(196.5)_at_Tuckahoe(223.5)_2021_19_Chesterbrook(196.5)_at_Tuckahoe(223.5)_2021,Chesterbrook(196.5)_at_Tuckahoe(223.5)_2021,19_Chesterbrook(196.5)_at_Tuckahoe(223.5)_2021
Chesterbrook(196.5)_at_Tuckahoe(223.5)_2021_21_Chesterbrook(196.5)_at_Tuckahoe(223.5)_2021,Chesterbrook(196.5)_at_Tuckahoe(223.5)_2021,21_Chesterbrook(196.5)_at_Tuckahoe(223.5)_2021
Chesterbrook(196.5)_at_Tuckahoe(223.5)_2021_23_Chesterbrook(196.5)_at_Tuckahoe(223.5)_2021,Chesterbrook(196.5)_at_Tuckahoe(223.5)_2021,23_Chesterbrook(196.5)_at_Tuckahoe(223.5)_2021
Chesterbrook(196.5)_at_Tuckahoe(223.5)_2021_25_Chesterbrook(196.5)_at_Tuckahoe(223.5)_2021,Chesterbrook(196.5)_at_Tuckahoe(223.5)_2021,25_Chesterbrook(196.5)_at_Tuckahoe(223.5)_2021
Chesterbrook(196.5)_at_Tuckahoe(223.5)_2021_27_Chesterbrook(196.5)_at_Tuckahoe(223.5)_2021,Chesterbrook(196.5)_at_Tuckahoe(223.5)_2021,27_Chesterbrook(196.5)_at_Tuckahoe(223.5)_2021
Chesterbrook(196.5)_at_Tuckahoe(223.5)_2021_29_Chesterbrook(196.5)_at_Tuckahoe(223.5)_2021,Chesterbrook(196.5)_at_Tuckahoe(223.5)_2021,29_Chesterbrook(196.5)_at_Tuckahoe(223.5)_2021
Chesterbrook(196.5)_at_Tuckahoe(223.5)_2021_31_Chesterbrook(196.5)_at_Tuckahoe(223.5)_2021,Chesterbrook(196.5)_at_Tuckahoe(223.5)_2021,31_Chesterbrook(196.5)_at_Tuckahoe(223.5)_2021
Chesterbrook(196.5)_at_Tuckahoe(223.5)_2021_33_Chesterbrook(196.5)_at_Tuckahoe(223.5)_2021,Chesterbrook(196.5)_at_Tuckahoe(223.5)_2021,33_Chesterbrook(196.5)_at_Tuckahoe(223.5)_2021
Chesterbrook(196.5)_at_Tuckahoe(223.5)_2021_35_Chesterbrook(196.5)_at_Tuckahoe(223.5)_2021,Chesterbrook(196.5)_at_Tuckahoe(223.5)_2021,35_Chesterbrook(196.5)_at_Tuckahoe(223.5)_2021
Chesterbrook(196.5)_at_Tuckahoe(223.5)_2021_37_Chesterbrook(196.5)_at_Tuckahoe(223.5)_2021,Chesterbrook(196.5)_at_Tuckahoe(223.5)_2021,37_Chesterbrook(196.5)_at_Tuckahoe(223.5)_2021
Chesterbrook(196.5)_at_Tuckahoe(223.5)_2021_39_Chesterbrook(196.5)_at_Tuckahoe(223.5)_2021,Chesterbrook(196.5)_at_Tuckahoe(223.5)_2021,39_Chesterbrook(196.5)_at_Tuckahoe(223.5)_2021
Chesterbrook(196.5)_at_Tuckahoe(223.5)_2021_41_Chesterbrook(196.5)_at_Tuckahoe(223.5)_2021,Chesterbrook(196.5)_at_Tuckahoe(223.5)_2021,41_Chesterbrook(196.5)_at_Tuckahoe(223.5)_2021
Chesterbrook(196.5)_at_Tuckahoe(223.5)_2021_51_Chesterbrook(196.5)_at_Tuckahoe(223.5)_2021,Chesterbrook(196.5)_at_Tuckahoe(223.5)_2021,51_Chesterbrook(196.5)_at_Tuckahoe(223.5)_2021
Chesterbrook(196.5)_at_Tuckahoe(223.5)_2021_43_Chesterbrook(196.5)_at_Tuckahoe(223.5)_2021,Chesterbrook(196.5)_at_Tuckahoe(223.5)_2021,43_Chesterbrook(196.5)_at_Tuckahoe(223.5)_2021
Chesterbrook(196.5)_at_Tuckahoe(223.5)_2021_45_Chesterbrook(196.5)_at_Tuckahoe(223.5)_2021,Chesterbrook(196.5)_at_Tuckahoe(223.5)_2021,45_Chesterbrook(196.5)_at_Tuckahoe(223.5)_2021
Chesterbrook(196.5)_at_Tuckahoe(223.5)_2021_47_Chesterbrook(196.5)_at_Tuckahoe(223.5)_2021,Chesterbrook(196.5)_at_Tuckahoe(223.5)_2021,47_Chesterbrook(196.5)_at_Tuckahoe(223.5)_2021
Chesterbrook(196.5)_at_Tuckahoe(223.5)_2021_49_Chesterbrook(196.5)_at_Tuckahoe(223.5)_2021,Chesterbrook(196.5)_at_Tuckahoe(223.5)_2021,49_Chesterbrook(196.5)_at_Tuckahoe(223.5)_2021
Chesterbrook(196.5)_at_Tuckahoe(223.5)_2021_2_Chesterbrook(196.5)_at_Tuckahoe(223.5)_2021,Chesterbrook(196.5)_at_Tuckahoe(223.5)_2021,2_Chesterbrook(196.5)_at_Tuckahoe(223.5)_2021
Chesterbrook(196.5)_at_Tuckahoe(223.5)_2021_4_Chesterbrook(196.5)_at_Tuckahoe(223.5)_2021,Chesterbrook(196.5)_at_Tuckahoe(223.5)_2021,4_Chesterbrook(196.5)_at_Tuckahoe(223.5)_2021
Chesterbrook(196.5)_at_Tuckahoe(223.5)_2021_6_Chesterbrook(196.5)_at_Tuckahoe(223.5)_2021,Chesterbrook(196.5)_at_Tuckahoe(223.5)_2021,6_Chesterbrook(196.5)_at_Tuckahoe(223.5)_2021
Chesterbrook(196.5)_at_Tuckahoe(223.5)_2021_8_Chesterbrook(196.5)_at_Tuckahoe(223.5)_2021,Chesterbrook(196.5)_at_Tuckahoe(223.5)_2021,8_Chesterbrook(196.5)_at_Tuckahoe(223.5)_2021
Chesterbrook(196.5)_at_Tuckahoe(223.5)_2021_10_Chesterbrook(196.5)_at_Tuckahoe(223.5)_2021,Chesterbrook(196.5)_at_Tuckahoe(223.5)_2021,10_Chesterbrook(196.5)_at_Tuckahoe(223.5)_2021
Chesterbrook(196.5)_at_Tuckahoe(223.5)_2021_12_Chesterbrook(196.5)_at_Tuckahoe(223.5)_2021,Chesterbrook(196.5)_at_Tuckahoe(223.5)_2021,12_Chesterbrook(196.5)_at_Tuckahoe(223.5)_2021
Chesterbrook(196.5)_at_Tuckahoe(223.5)_2021_14_Chesterbrook(196.5)_at_Tuckahoe(223.5)_2021,Chesterbrook(196.5)_at_Tuckahoe(223.5)_2021,14_Chesterbrook(196.5)_at_Tuckahoe(223.5)_2021
Chesterbrook(196.5)_at_Tuckahoe(223.5)_2021_16_Chesterbrook(196.5)_at_Tuckahoe(223.5)_2021,Chesterbrook(196.5)_at_Tuckahoe(223.5)_2021,16_Chesterbrook(196.5)_at_Tuckahoe(223.5)_2021
Chesterbrook(196.5)_at_Tuckahoe(223.5)_2021_18_Chesterbrook(196.5)_at_Tuckahoe(223.5)_2021,Chesterbrook(196.5)_at_Tuckahoe(223.5)_2021,18_Chesterbrook(196.5)_at_Tuckahoe(223.5)_2021
Chesterbrook(196.5)_at_Tuckahoe(223.5)_2021_20_Chesterbrook(196.5)_at_Tuckahoe(223.5)_2021,Chesterbrook(196.5)_at_Tuckahoe(223.5)_2021,20_Chesterbrook(196.5)_at_Tuckahoe(223.5)_2021
Chesterbrook(196.5)_at_Tuckahoe(223.5)_2021_22_Chesterbrook(196.5)_at_Tuckahoe(223.5)_2021,Chesterbrook(196.5)_at_Tuckahoe(223.5)_2021,22_Chesterbrook(196.5)_at_Tuckahoe(223.5)_2021
Chesterbrook(196.5)_at_Tuckahoe(223.5)_2021_24_Chesterbrook(196.5)_at_Tuckahoe(223.5)_2021,Chesterbrook(196.5)_at_Tuckahoe(223.5)_2021,24_Chesterbrook(196.5)_at_Tuckahoe(223.5)_2021
Chesterbrook(196.5)_at_Tuckahoe(223.5)_2021_26_Chesterbrook(196.5)_at_Tuckahoe(223.5)_2021,Chesterbrook(196.5)_at_Tuckahoe(223.5)_2021,26_Chesterbrook(196.5)_at_Tuckahoe(223.5)_2021
Chesterbrook(196.5)_at_Tuckahoe(223.5)_2021_28_Chesterbrook(196.5)_at_Tuckahoe(223.5)_2021,Chesterbrook(196.5)_at_Tuckahoe(223.5)_2021,28_Chesterbrook(196.5)_at_Tuckahoe(223.5)_2021
Chesterbrook(196.5)_at_Tuckahoe(223.5)_2021_30_Chesterbrook(196.5)_at_Tuckahoe(223.5)_2021,Chesterbrook(196.5)_at_Tuckahoe(223.5)_2021,30_Chesterbrook(196.5)_at_Tuckahoe(223.5)_2021
Chesterbrook(196.5)_at_Tuckahoe(223.5)_2021_32_Chesterbrook(196.5)_at_Tuckahoe(223.5)_2021,Chesterbrook(196.5)_at_Tuckahoe(223.5)_2021,32_Chesterbrook(196.5)_at_Tuckahoe(223.5)_2021
Chesterbrook(196.5)_at_Tuckahoe(223.5)_2021_34_Chesterbrook(196.5)_at_Tuckahoe(223.5)_2021,Chesterbrook(196.5)_at_Tuckahoe(223.5)_2021,34_Chesterbrook(196.5)_at_Tuckahoe(223.5)_2021
Chesterbrook(196.5)_at_Tuckahoe(223.5)_2021_36_Chesterbrook(196.5)_at_Tuckahoe(223.5)_2021,Chesterbrook(196.5)_at_Tuckahoe(223.5)_2021,36_Chesterbrook(196.5)_at_Tuckahoe(223.5)_2021
Chesterbrook(196.5)_at_Tuckahoe(223.5)_2021_38_Chesterbrook(196.5)_at_Tuckahoe(223.5)_2021,Chesterbrook(196.5)_at_Tuckahoe(223.5)_2021,38_Chesterbrook(196.5)_at_Tuckahoe(223.5)_2021
Chesterbrook(196.5)_at_Tuckahoe(223.5)_2021_40_Chesterbrook(196.5)_at_Tuckahoe(223.5)_2021,Chesterbrook(196.5)_at_Tuckahoe(223.5)_2021,40_Chesterbrook(196.5)_at_Tuckahoe(223.5)_2021
Chesterbrook(196.5)_at_Tuckahoe(223.5)_2021_42_Chesterbrook(196.5)_at_Tuckahoe(223.5)_2021,Chesterbrook(196.5)_at_Tuckahoe(223.5)_2021,42_Chesterbrook(196.5)_at_Tuckahoe(223.5)_2021
Chesterbrook(196.5)_at_Tuckahoe(223.5)_2021_52_Chesterbrook(196.5)_at_Tuckahoe(223.5)_2021,Chesterbrook(196.5)_at_Tuckahoe(223.5)_2021,52_Chesterbrook(196.5)_at_Tuckahoe(223.5)_2021
Chesterbrook(196.5)_at_Tuckahoe(223.5)_2021_44_Chesterbrook(196.5)_at_Tuckahoe(223.5)_2021,Chesterbrook(196.5)_at_Tuckahoe(223.5)_2021,44_Chesterbrook(196.5)_at_Tuckahoe(223.5)_2021
Chesterbrook(196.5)_at_Tuckahoe(223.5)_2021_46_Chesterbrook(196.5)_at_Tuckahoe(223.5)_2021,Chesterbrook(196.5)_at_Tuckahoe(223.5)_2021,46_Chesterbrook(196.5)_at_Tuckahoe(223.5)_2021
Chesterbrook(196.5)_at_Tuckahoe(223.5)_2021_48_Chesterbrook(196.5)_at_Tuckahoe(223.5)_2021,Chesterbrook(196.5)_at_Tuckahoe(223.5)_2021,48_Chesterbrook(196.5)_at_Tuckahoe(223.5)_2021
Chesterbrook(196.5)_at_Tuckahoe(223.5)_2021_50_Chesterbrook(196.5)_at_Tuckahoe(223.5)_2021,Chesterbrook(196.5)_at_Tuckahoe(223.5)_2021,50_Chesterbrook(196.5)_at_Tuckahoe(223.5)_2021
Donaldson_Run(184.0)_at_Overlee(236.0)_2021_1_Donaldson_Run(184.0)_at_Overlee(236.0)_2021,Donaldson_Run(184.0)_at_Overlee(236.0)_2021,1_Donaldson_Run(184.0)_at_Overlee(236.0)_2021
Donaldson_Run(184.0)_at_Overlee(236.0)_2021_3_Donaldson_Run(184.0)_at_Overlee(236.0)_2021,Donaldson_Run(184.0)_at_Overlee(236.0)_2021,3_Donaldson_Run(184.0)_at_Overlee(236.0)_2021
Donaldson_Run(184.0)_at_Overlee(236.0)_2021_5_Donaldson_Run(184.0)_at_Overlee(236.0)_2021,Donaldson_Run(184.0)_at_Overlee(236.0)_2021,5_Donaldson_Run(184.0)_at_Overlee(236.0)_2021
Donaldson_Run(184.0)_at_Overlee(236.0)_2021_7_Donaldson_Run(184.0)_at_Overlee(236.0)_2021,Donaldson_Run(184.0)_at_Overlee(236.0)_2021,7_Donaldson_Run(184.0)_at_Overlee(236.0)_2021
Donaldson_Run(184.0)_at_Overlee(236.0)_2021_9_Donaldson_Run(184.0)_at_Overlee(236.0)_2021,Donaldson_Run(184.0)_at_Overlee(236.0)_2021,9_Donaldson_Run(184.0)_at_Overlee(236.0)_2021
Donaldson_Run(184.0)_at_Overlee(236.0)_2021_11_Donaldson_Run(184.0)_at_Overlee(236.0)_2021,Donaldson_Run(184.0)_at_Overlee(236.0)_2021,11_Donaldson_Run(184.0)_at_Overlee(236.0)_2021
Donaldson_Run(184.0)_at_Overlee(236.0)_2021_13_Donaldson_Run(184.0)_at_Overlee(236.0)_2021,Donaldson_Run(184.0)_at_Overlee(236.0)_2021,13_Donaldson_Run(184.0)_at_Overlee(236.0)_2021
Donaldson_Run(184.0)_at_Overlee(236.0)_2021_15_Donaldson_Run(184.0)_at_Overlee(236.0)_2021,Donaldson_Run(184.0)_at_Overlee(236.0)_2021,15_Donaldson_Run(184.0)_at_Overlee(236.0)_2021
Donaldson_Run(184.0)_at_Overlee(236.0)_2021_17_Donaldson_Run(184.0)_at_Overlee(236.0)_2021,Donaldson_Run(184.0)_at_Overlee(236.0)_2021,17_Donaldson_Run(184.0)_at_Overlee(236.0)_2021
Donaldson_Run(184.0)_at_Overlee(236.0)_2021_19_Donaldson_Run(184.0)_at_Overlee(236.0)_2021,Donaldson_Run(184.0)_at_Overlee(236.0)_2021,19_Donaldson_Run(184.0)_at_Overlee(236.0)_2021
Donaldson_Run(184.0)_at_Overlee(236.0)_2021_21_Donaldson_Run(184.0)_at_Overlee(236.0)_2021,Donaldson_Run(184.0)_at_Overlee(236.0)_2021,21_Donaldson_Run(184.0)_at_Overlee(236.0)_2021
Donaldson_Run(184.0)_at_Overlee(236.0)_2021_23_Donaldson_Run(184.0)_at_Overlee(236.0)_2021,Donaldson_Run(184.0)_at_Overlee(236.0)_2021,23_Donaldson_Run(184.0)_at_Overlee(236.0)_2021
Donaldson_Run(184.0)_at_Overlee(236.0)_2021_25_Donaldson_Run(184.0)_at_Overlee(236.0)_2021,Donaldson_Run(184.0)_at_Overlee(236.0)_2021,25_Donaldson_Run(184.0)_at_Overlee(236.0)_2021
Donaldson_Run(184.0)_at_Overlee(236.0)_2021_27_Donaldson_Run(184.0)_at_Overlee(236.0)_2021,Donaldson_Run(184.0)_at_Overlee(236.0)_2021,27_Donaldson_Run(184.0)_at_Overlee(236.0)_2021
Donaldson_Run(184.0)_at_Overlee(236.0)_2021_29_Donaldson_Run(184.0)_at_Overlee(236.0)_2021,Donaldson_Run(184.0)_at_Overlee(236.0)_2021,29_Donaldson_Run(184.0)_at_Overlee(236.0)_2021
Donaldson_Run(184.0)_at_Overlee(236.0)_2021_31_Donaldson_Run(184.0)_at_Overlee(236.0)_2021,Donaldson_Run(184.0)_at_Overlee(236.0)_2021,31_Donaldson_Run(184.0)_at_Overlee(236.0)_2021
Donaldson_Run(184.0)_at_Overlee(236.0)_2021_33_Donaldson_Run(184.0)_at_Overlee(236.0)_2021,Donaldson_Run(184.0)_at_Overlee(236.0)_2021,33_Donaldson_Run(184.0)_at_Overlee(236.0)_2021
Donaldson_Run(184.0)_at_Overlee(236.0)_2021_35_Donaldson_Run(184.0)_at_Overlee(236.0)_2021,Donaldson_Run(184.0)_at_Overlee(236.0)_2021,35_Donaldson_Run(184.0)_at_Overlee(236.0)_2021
Donaldson_Run(184.0)_at_Overlee(236.0)_2021_37_Donaldson_Run(184.0)_at_Overlee(236.0)_2021,Donaldson_Run(184.0)_at_Overlee(236.0)_2021,37_Donaldson_Run(184.0)_at_Overlee(236.0)_2021
Donaldson_Run(184.0)_at_Overlee(236.0)_2021_39_Donaldson_Run(184.0)_at_Overlee(236.0)_2021,Donaldson_Run(184.0)_at_Overlee(236.0)_2021,39_Donaldson_Run(184.0)_at_Overlee(236.0)_2021
Donaldson_Run(184.0)_at_Overlee(236.0)_2021_41_Donaldson_Run(184.0)_at_Overlee(236.0)_2021,Donaldson_Run(184.0)_at_Overlee(236.0)_2021,41_Donaldson_Run(184.0)_at_Overlee(236.0)_2021
Donaldson_Run(184.0)_at_Overlee(236.0)_2021_51_Donaldson_Run(184.0)_at_Overlee(236.0)_2021,Donaldson_Run(184.0)_at_Overlee(236.0)_2021,51_Donaldson_Run(184.0)_at_Overlee(236.0)_2021
Donaldson_Run(184.0)_at_Overlee(236.0)_2021_43_Donaldson_Run(184.0)_at_Overlee(236.0)_2021,Donaldson_Run(184.0)_at_Overlee(236.0)_2021,43_Donaldson_Run(184.0)_at_Overlee(236.0)_2021
Donaldson_Run(184.0)_at_Overlee(236.0)_2021_45_Donaldson_Run(184.0)_at_Overlee(236.0)_2021,Donaldson_Run(184.0)_at_Overlee(236.0)_2021,45_Donaldson_Run(184.0)_at_Overlee(236.0)_2021
Donaldson_Run(184.0)_at_Overlee(236.0)_2021_47_Donaldson_Run(184.0)_at_Overlee(236.0)_2021,Donaldson_Run(184.0)_at_Overlee(236.0)_2021,47_Donaldson_Run(184.0)_at_Overlee(236.0)_2021
Donaldson_Run(184.0)_at_Overlee(236.0)_2021_49_Donaldson_Run(184.0)_at_Overlee(236.0)_2021,Donaldson_Run(184.0)_at_Overlee(236.0)_2021,49_Donaldson_Run(184.0)_at_Overlee(236.0)_2021
Donaldson_Run(184.0)_at_Overlee(236.0)_2021_2_Donaldson_Run(184.0)_at_Overlee(236.0)_2021,Donaldson_Run(184.0)_at_Overlee(236.0)_2021,2_Donaldson_Run(184.0)_at_Overlee(236.0)_2021
Donaldson_Run(184.0)_at_Overlee(236.0)_2021_4_Donaldson_Run(184.0)_at_Overlee(236.0)_2021,Donaldson_Run(184.0)_at_Overlee(236.0)_2021,4_Donaldson_Run(184.0)_at_Overlee(236.0)_2021
Donaldson_Run(184.0)_at_Overlee(236.0)_2021_6_Donaldson_Run(184.0)_at_Overlee(236.0)_2021,Donaldson_Run(184.0)_at_Overlee(236.0)_2021,6_Donaldson_Run(184.0)_at_Overlee(236.0)_2021
Donaldson_Run(184.0)_at_Overlee(236.0)_2021_8_Donaldson_Run(184.0)_at_Overlee(236.0)_2021,Donaldson_Run(184.0)_at_Overlee(236.0)_2021,8_Donaldson_Run(184.0)_at_Overlee(236.0)_2021
Donaldson_Run(184.0)_at_Overlee(236.0)_2021_10_Donaldson_Run(184.0)_at_Overlee(236.0)_2021,Donaldson_Run(184.0)_at_Overlee(236.0)_2021,10_Donaldson_Run(184.0)_at_Overlee(236.0)_2021
Donaldson_Run(184.0)_at_Overlee(236.0)_2021_12_Donaldson_Run(184.0)_at_Overlee(236.0)_2021,Donaldson_Run(184.0)_at_Overlee(236.0)_2021,12_Donaldson_Run(184.0)_at_Overlee(236.0)_2021
Donaldson_Run(184.0)_at_Overlee(236.0)_2021_14_Donaldson_Run(184.0)_at_Overlee(236.0)_2021,Donaldson_Run(184.0)_at_Overlee(236.0)_2021,14_Donaldson_Run(184.0)_at_Overlee(236.0)_2021
Donaldson_Run(184.0)_at_Overlee(236.0)_2021_16_Donaldson_Run(184.0)_at_Overlee(236.0)_2021,Donaldson_Run(184.0)_at_Overlee(236.0)_2021,16_Donaldson_Run(184.0)_at_Overlee(236.0)_2021
Donaldson_Run(184.0)_at_Overlee(236.0)_2021_18_Donaldson_Run(184.0)_at_Overlee(236.0)_2021,Donaldson_Run(184.0)_at_Overlee(236.0)_2021,18_Donaldson_Run(184.0)_at_Overlee(236.0)_2021
Donaldson_Run(184.0)_at_Overlee(236.0)_2021_20_Donaldson_Run(184.0)_at_Overlee(236.0)_2021,Donaldson_Run(184.0)_at_Overlee(236.0)_2021,20_Donaldson_Run(184.0)_at_Overlee(236.0)_2021
Donaldson_Run(184.0)_at_Overlee(236.0)_2021_22_Donaldson_Run(184.0)_at_Overlee(236.0)_2021,Donaldson_Run(184.0)_at_Overlee(236.0)_2021,22_Donaldson_Run(184.0)_at_Overlee(236.0)_2021
Donaldson_Run(184.0)_at_Overlee(236.0)_2021_24_Donaldson_Run(184.0)_at_Overlee(236.0)_2021,Donaldson_Run(184.0)_at_Overlee(236.0)_2021,24_Donaldson_Run(184.0)_at_Overlee(236.0)_2021
Donaldson_Run(184.0)_at_Overlee(236.0)_2021_26_Donaldson_Run(184.0)_at_Overlee(236.0)_2021,Donaldson_Run(184.0)_at_Overlee(236.0)_2021,26_Donaldson_Run(184.0)_at_Overlee(236.0)_2021
Donaldson_Run(184.0)_at_Overlee(236.0)_2021_28_Donaldson_Run(184.0)_at_Overlee(236.0)_2021,Donaldson_Run(184.0)_at_Overlee(236.0)_2021,28_Donaldson_Run(184.0)_at_Overlee(236.0)_2021
Donaldson_Run(184.0)_at_Overlee(236.0)_2021_30_Donaldson_Run(184.0)_at_Overlee(236.0)_2021,Donaldson_Run(184.0)_at_Overlee(236.0)_2021,30_Donaldson_Run(184.0)_at_Overlee(236.0)_2021
Donaldson_Run(184.0)_at_Overlee(236.0)_2021_32_Donaldson_Run(184.0)_at_Overlee(236.0)_2021,Donaldson_Run(184.0)_at_Overlee(236.0)_2021,32_Donaldson_Run(184.0)_at_Overlee(236.0)_2021
Donaldson_Run(184.0)_at_Overlee(236.0)_2021_34_Donaldson_Run(184.0)_at_Overlee(236.0)_2021,Donaldson_Run(184.0)_at_Overlee(236.0)_2021,34_Donaldson_Run(184.0)_at_Overlee(236.0)_2021
Donaldson_Run(184.0)_at_Overlee(236.0)_2021_36_Donaldson_Run(184.0)_at_Overlee(236.0)_2021,Donaldson_Run(184.0)_at_Overlee(236.0)_2021,36_Donaldson_Run(184.0)_at_Overlee(236.0)_2021
Donaldson_Run(184.0)_at_Overlee(236.0)_2021_38_Donaldson_Run(184.0)_at_Overlee(236.0)_2021,Donaldson_Run(184.0)_at_Overlee(236.0)_2021,38_Donaldson_Run(184.0)_at_Overlee(236.0)_2021
Donaldson_Run(184.0)_at_Overlee(236.0)_2021_40_Donaldson_Run(184.0)_at_Overlee(236.0)_2021,Donaldson_Run(184.0)_at_Overlee(236.0)_2021,40_Donaldson_Run(184.0)_at_Overlee(236.0)_2021
Donaldson_Run(184.0)_at_Overlee(236.0)_2021_42_Donaldson_Run(184.0)_at_Overlee(236.0)_2021,Donaldson_Run(184.0)_at_Overlee(236.0)_2021,42_Donaldson_Run(184.0)_at_Overlee(236.0)_2021
Donaldson_Run(184.0)_at_Overlee(236.0)_2021_52_Donaldson_Run(184.0)_at_Overlee(236.0)_2021,Donaldson_Run(184.0)_at_Overlee(236.0)_2021,52_Donaldson_Run(184.0)_at_Overlee(236.0)_2021
Donaldson_Run(184.0)_at_Overlee(236.0)_2021_44_Donaldson_Run(184.0)_at_Overlee(236.0)_2021,Donaldson_Run(184.0)_at_Overlee(236.0)_2021,44_Donaldson_Run(184.0)_at_Overlee(236.0)_2021
Donaldson_Run(184.0)_at_Overlee(236.0)_2021_46_Donaldson_Run(184.0)_at_Overlee(236.0)_2021,Donaldson_Run(184.0)_at_Overlee(236.0)_2021,46_Donaldson_Run(184.0)_at_Overlee(236.0)_2021
Donaldson_Run(184.0)_at_Overlee(236.0)_2021_48_Donaldson_Run(184.0)_at_Overlee(236.0)_2021,Donaldson_Run(184.0)_at_Overlee(236.0)_2021,48_Donaldson_Run(184.0)_at_Overlee(236.0)_2021
Donaldson_Run(184.0)_at_Overlee(236.0)_2021_50_Donaldson_Run(184.0)_at_Overlee(236.0)_2021,Donaldson_Run(184.0)_at_Overlee(236.0)_2021,50_Donaldson_Run(184.0)_at_Overlee(236.0)_2021
Dowden_Terrace(176.0)_at_Highlands_Swim(243.0)_2021_1_Dowden_Terrace(176.0)_at_Highlands_Swim(243.0)_2021,Dowden_Terrace(176.0)_at_Highlands_Swim(243.0)_2021,1_Dowden_Terrace(176.0)_at_Highlands_Swim(243.0)_2021
Dowden_Terrace(176.0)_at_Highlands_Swim(243.0)_2021_3_Dowden_Terrace(176.0)_at_Highlands_Swim(243.0)_2021,Dowden_Terrace(176.0)_at_Highlands_Swim(243.0)_2021,3_Dowden_Terrace(176.0)_at_Highlands_Swim(243.0)_2021
Dowden_Terrace(176.0)_at_Highlands_Swim(243.0)_2021_5_Dowden_Terrace(176.0)_at_Highlands_Swim(243.0)_2021,Dowden_Terrace(176.0)_at_Highlands_Swim(243.0)_2021,5_Dowden_Terrace(176.0)_at_Highlands_Swim(243.0)_2021
Dowden_Terrace(176.0)_at_Highlands_Swim(243.0)_2021_7_Dowden_Terrace(176.0)_at_Highlands_Swim(243.0)_2021,Dowden_Terrace(176.0)_at_Highlands_Swim(243.0)_2021,7_Dowden_Terrace(176.0)_at_Highlands_Swim(243.0)_2021
Dowden_Terrace(176.0)_at_Highlands_Swim(243.0)_2021_9_Dowden_Terrace(176.0)_at_Highlands_Swim(243.0)_2021,Dowden_Terrace(176.0)_at_Highlands_Swim(243.0)_2021,9_Dowden_Terrace(176.0)_at_Highlands_Swim(243.0)_2021
Dowden_Terrace(176.0)_at_Highlands_Swim(243.0)_2021_11_Dowden_Terrace(176.0)_at_Highlands_Swim(243.0)_2021,Dowden_Terrace(176.0)_at_Highlands_Swim(243.0)_2021,11_Dowden_Terrace(176.0)_at_Highlands_Swim(243.0)_2021
Dowden_Terrace(176.0)_at_Highlands_Swim(243.0)_2021_13_Dowden_Terrace(176.0)_at_Highlands_Swim(243.0)_2021,Dowden_Terrace(176.0)_at_Highlands_Swim(243.0)_2021,13_Dowden_Terrace(176.0)_at_Highlands_Swim(243.0)_2021
Dowden_Terrace(176.0)_at_Highlands_Swim(243.0)_2021_15_Dowden_Terrace(176.0)_at_Highlands_Swim(243.0)_2021,Dowden_Terrace(176.0)_at_Highlands_Swim(243.0)_2021,15_Dowden_Terrace(176.0)_at_Highlands_Swim(243.0)_2021
Dowden_Terrace(176.0)_at_Highlands_Swim(243.0)_2021_17_Dowden_Terrace(176.0)_at_Highlands_Swim(243.0)_2021,Dowden_Terrace(176.0)_at_Highlands_Swim(243.0)_2021,17_Dowden_Terrace(176.0)_at_Highlands_Swim(243.0)_2021
Dowden_Terrace(176.0)_at_Highlands_Swim(243.0)_2021_19_Dowden_Terrace(176.0)_at_Highlands_Swim(243.0)_2021,Dowden_Terrace(176.0)_at_Highlands_Swim(243.0)_2021,19_Dowden_Terrace(176.0)_at_Highlands_Swim(243.0)_2021
Dowden_Terrace(176.0)_at_Highlands_Swim(243.0)_2021_21_Dowden_Terrace(176.0)_at_Highlands_Swim(243.0)_2021,Dowden_Terrace(176.0)_at_Highlands_Swim(243.0)_2021,21_Dowden_Terrace(176.0)_at_Highlands_Swim(243.0)_2021
Dowden_Terrace(176.0)_at_Highlands_Swim(243.0)_2021_23_Dowden_Terrace(176.0)_at_Highlands_Swim(243.0)_2021,Dowden_Terrace(176.0)_at_Highlands_Swim(243.0)_2021,23_Dowden_Terrace(176.0)_at_Highlands_Swim(243.0)_2021
Dowden_Terrace(176.0)_at_Highlands_Swim(243.0)_2021_25_Dowden_Terrace(176.0)_at_Highlands_Swim(243.0)_2021,Dowden_Terrace(176.0)_at_Highlands_Swim(243.0)_2021,25_Dowden_Terrace(176.0)_at_Highlands_Swim(243.0)_2021
Dowden_Terrace(176.0)_at_Highlands_Swim(243.0)_2021_27_Dowden_Terrace(176.0)_at_Highlands_Swim(243.0)_2021,Dowden_Terrace(176.0)_at_Highlands_Swim(243.0)_2021,27_Dowden_Terrace(176.0)_at_Highlands_Swim(243.0)_2021
Dowden_Terrace(176.0)_at_Highlands_Swim(243.0)_2021_29_Dowden_Terrace(176.0)_at_Highlands_Swim(243.0)_2021,Dowden_Terrace(176.0)_at_Highlands_Swim(243.0)_2021,29_Dowden_Terrace(176.0)_at_Highlands_Swim(243.0)_2021
Dowden_Terrace(176.0)_at_Highlands_Swim(243.0)_2021_31_Dowden_Terrace(176.0)_at_Highlands_Swim(243.0)_2021,Dowden_Terrace(176.0)_at_Highlands_Swim(243.0)_2021,31_Dowden_Terrace(176.0)_at_Highlands_Swim(243.0)_2021
Dowden_Terrace(176.0)_at_Highlands_Swim(243.0)_2021_33_Dowden_Terrace(176.0)_at_Highlands_Swim(243.0)_2021,Dowden_Terrace(176.0)_at_Highlands_Swim(243.0)_2021,33_Dowden_Terrace(176.0)_at_Highlands_Swim(243.0)_2021
Dowden_Terrace(176.0)_at_Highlands_Swim(243.0)_2021_35_Dowden_Terrace(176.0)_at_Highlands_Swim(243.0)_2021,Dowden_Terrace(176.0)_at_Highlands_Swim(243.0)_2021,35_Dowden_Terrace(176.0)_at_Highlands_Swim(243.0)_2021
Dowden_Terrace(176.0)_at_Highlands_Swim(243.0)_2021_37_Dowden_Terrace(176.0)_at_Highlands_Swim(243.0)_2021,Dowden_Terrace(176.0)_at_Highlands_Swim(243.0)_2021,37_Dowden_Terrace(176.0)_at_Highlands_Swim(243.0)_2021
Dowden_Terrace(176.0)_at_Highlands_Swim(243.0)_2021_39_Dowden_Terrace(176.0)_at_Highlands_Swim(243.0)_2021,Dowden_Terrace(176.0)_at_Highlands_Swim(243.0)_2021,39_Dowden_Terrace(176.0)_at_Highlands_Swim(243.0)_2021
Dowden_Terrace(176.0)_at_Highlands_Swim(243.0)_2021_41_Dowden_Terrace(176.0)_at_Highlands_Swim(243.0)_2021,Dowden_Terrace(176.0)_at_Highlands_Swim(243.0)_2021,41_Dowden_Terrace(176.0)_at_Highlands_Swim(243.0)_2021
Dowden_Terrace(176.0)_at_Highlands_Swim(243.0)_2021_51_Dowden_Terrace(176.0)_at_Highlands_Swim(243.0)_2021,Dowden_Terrace(176.0)_at_Highlands_Swim(243.0)_2021,51_Dowden_Terrace(176.0)_at_Highlands_Swim(243.0)_2021
Dowden_Terrace(176.0)_at_Highlands_Swim(243.0)_2021_43_Dowden_Terrace(176.0)_at_Highlands_Swim(243.0)_2021,Dowden_Terrace(176.0)_at_Highlands_Swim(243.0)_2021,43_Dowden_Terrace(176.0)_at_Highlands_Swim(243.0)_2021
Dowden_Terrace(176.0)_at_Highlands_Swim(243.0)_2021_45_Dowden_Terrace(176.0)_at_Highlands_Swim(243.0)_2021,Dowden_Terrace(176.0)_at_Highlands_Swim(243.0)_2021,45_Dowden_Terrace(176.0)_at_Highlands_Swim(243.0)_2021
Dowden_Terrace(176.0)_at_Highlands_Swim(243.0)_2021_47_Dowden_Terrace(176.0)_at_Highlands_Swim(243.0)_2021,Dowden_Terrace(176.0)_at_Highlands_Swim(243.0)_2021,47_Dowden_Terrace(176.0)_at_Highlands_Swim(243.0)_2021
Dowden_Terrace(176.0)_at_Highlands_Swim(243.0)_2021_49_Dowden_Terrace(176.0)_at_Highlands_Swim(243.0)_2021,Dowden_Terrace(176.0)_at_Highlands_Swim(243.0)_2021,49_Dowden_Terrace(176.0)_at_Highlands_Swim(243.0)_2021
Dowden_Terrace(176.0)_at_Highlands_Swim(243.0)_2021_2_Dowden_Terrace(176.0)_at_Highlands_Swim(243.0)_2021,Dowden_Terrace(176.0)_at_Highlands_Swim(243.0)_2021,2_Dowden_Terrace(176.0)_at_Highlands_Swim(243.0)_2021
Dowden_Terrace(176.0)_at_Highlands_Swim(243.0)_2021_4_Dowden_Terrace(176.0)_at_Highlands_Swim(243.0)_2021,Dowden_Terrace(176.0)_at_Highlands_Swim(243.0)_2021,4_Dowden_Terrace(176.0)_at_Highlands_Swim(243.0)_2021
Dowden_Terrace(176.0)_at_Highlands_Swim(243.0)_2021_6_Dowden_Terrace(176.0)_at_Highlands_Swim(243.0)_2021,Dowden_Terrace(176.0)_at_Highlands_Swim(243.0)_2021,6_Dowden_Terrace(176.0)_at_Highlands_Swim(243.0)_2021
Dowden_Terrace(176.0)_at_Highlands_Swim(243.0)_2021_8_Dowden_Terrace(176.0)_at_Highlands_Swim(243.0)_2021,Dowden_Terrace(176.0)_at_Highlands_Swim(243.0)_2021,8_Dowden_Terrace(176.0)_at_Highlands_Swim(243.0)_2021
Dowden_Terrace(176.0)_at_Highlands_Swim(243.0)_2021_10_Dowden_Terrace(176.0)_at_Highlands_Swim(243.0)_2021,Dowden_Terrace(176.0)_at_Highlands_Swim(243.0)_2021,10_Dowden_Terrace(176.0)_at_Highlands_Swim(243.0)_2021
Dowden_Terrace(176.0)_at_Highlands_Swim(243.0)_2021_12_Dowden_Terrace(176.0)_at_Highlands_Swim(243.0)_2021,Dowden_Terrace(176.0)_at_Highlands_Swim(243.0)_2021,12_Dowden_Terrace(176.0)_at_Highlands_Swim(243.0)_2021
Dowden_Terrace(176.0)_at_Highlands_Swim(243.0)_2021_14_Dowden_Terrace(176.0)_at_Highlands_Swim(243.0)_2021,Dowden_Terrace(176.0)_at_Highlands_Swim(243.0)_2021,14_Dowden_Terrace(176.0)_at_Highlands_Swim(243.0)_2021
Dowden_Terrace(176.0)_at_Highlands_Swim(243.0)_2021_16_Dowden_Terrace(176.0)_at_Highlands_Swim(243.0)_2021,Dowden_Terrace(176.0)_at_Highlands_Swim(243.0)_2021,16_Dowden_Terrace(176.0)_at_Highlands_Swim(243.0)_2021
Dowden_Terrace(176.0)_at_Highlands_Swim(243.0)_2021_18_Dowden_Terrace(176.0)_at_Highlands_Swim(243.0)_2021,Dowden_Terrace(176.0)_at_Highlands_Swim(243.0)_2021,18_Dowden_Terrace(176.0)_at_Highlands_Swim(243.0)_2021
Dowden_Terrace(176.0)_at_Highlands_Swim(243.0)_2021_20_Dowden_Terrace(176.0)_at_Highlands_Swim(243.0)_2021,Dowden_Terrace(176.0)_at_Highlands_Swim(243.0)_2021,20_Dowden_Terrace(176.0)_at_Highlands_Swim(243.0)_2021
Dowden_Terrace(176.0)_at_Highlands_Swim(243.0)_2021_22_Dowden_Terrace(176.0)_at_Highlands_Swim(243.0)_2021,Dowden_Terrace(176.0)_at_Highlands_Swim(243.0)_2021,22_Dowden_Terrace(176.0)_at_Highlands_Swim(243.0)_2021
Dowden_Terrace(176.0)_at_Highlands_Swim(243.0)_2021_24_Dowden_Terrace(176.0)_at_Highlands_Swim(243.0)_2021,Dowden_Terrace(176.0)_at_Highlands_Swim(243.0)_2021,24_Dowden_Terrace(176.0)_at_Highlands_Swim(243.0)_2021
Dowden_Terrace(176.0)_at_Highlands_Swim(243.0)_2021_26_Dowden_Terrace(176.0)_at_Highlands_Swim(243.0)_2021,Dowden_Terrace(176.0)_at_Highlands_Swim(243.0)_2021,26_Dowden_Terrace(176.0)_at_Highlands_Swim(243.0)_2021
Dowden_Terrace(176.0)_at_Highlands_Swim(243.0)_2021_28_Dowden_Terrace(176.0)_at_Highlands_Swim(243.0)_2021,Dowden_Terrace(176.0)_at_Highlands_Swim(243.0)_2021,28_Dowden_Terrace(176.0)_at_Highlands_Swim(243.0)_2021
Dowden_Terrace(176.0)_at_Highlands_Swim(243.0)_2021_30_Dowden_Terrace(176.0)_at_Highlands_Swim(243.0)_2021,Dowden_Terrace(176.0)_at_Highlands_Swim(243.0)_2021,30_Dowden_Terrace(176.0)_at_Highlands_Swim(243.0)_2021
Dowden_Terrace(176.0)_at_Highlands_Swim(243.0)_2021_32_Dowden_Terrace(176.0)_at_Highlands_Swim(243.0)_2021,Dowden_Terrace(176.0)_at_Highlands_Swim(243.0)_2021,32_Dowden_Terrace(176.0)_at_Highlands_Swim(243.0)_2021
Dowden_Terrace(176.0)_at_Highlands_Swim(243.0)_2021_34_Dowden_Terrace(176.0)_at_Highlands_Swim(243.0)_2021,Dowden_Terrace(176.0)_at_Highlands_Swim(243.0)_2021,34_Dowden_Terrace(176.0)_at_Highlands_Swim(243.0)_2021
Dowden_Terrace(176.0)_at_Highlands_Swim(243.0)_2021_36_Dowden_Terrace(176.0)_at_Highlands_Swim(243.0)_2021,Dowden_Terrace(176.0)_at_Highlands_Swim(243.0)_2021,36_Dowden_Terrace(176.0)_at_Highlands_Swim(243.0)_2021
Dowden_Terrace(176.0)_at_Highlands_Swim(243.0)_2021_38_Dowden_Terrace(176.0)_at_Highlands_Swim(243.0)_2021,Dowden_Terrace(176.0)_at_Highlands_Swim(243.0)_2021,38_Dowden_Terrace(176.0)_at_Highlands_Swim(243.0)_2021
Dowden_Terrace(176.0)_at_Highlands_Swim(243.0)_2021_40_Dowden_Terrace(176.0)_at_Highlands_Swim(243.0)_2021,Dowden_Terrace(176.0)_at_Highlands_Swim(243.0)_2021,40_Dowden_Terrace(176.0)_at_Highlands_Swim(243.0)_2021
Dowden_Terrace(176.0)_at_Highlands_Swim(243.0)_2021_42_Dowden_Terrace(176.0)_at_Highlands_Swim(243.0)_2021,Dowden_Terrace(176.0)_at_Highlands_Swim(243.0)_2021,42_Dowden_Terrace(176.0)_at_Highlands_Swim(243.0)_2021
Dowden_Terrace(176.0)_at_Highlands_Swim(243.0)_2021_52_Dowden_Terrace(176.0)_at_Highlands_Swim(243.0)_2021,Dowden_Terrace(176.0)_at_Highlands_Swim(243.0)_2021,52_Dowden_Terrace(176.0)_at_Highlands_Swim(243.0)_2021
Dowden_Terrace(176.0)_at_Highlands_Swim(243.0)_2021_44_Dowden_Terrace(176.0)_at_Highlands_Swim(243.0)_2021,Dowden_Terrace(176.0)_at_Highlands_Swim(243.0)_2021,44_Dowden_Terrace(176.0)_at_Highlands_Swim(243.0)_2021
Dowden_Terrace(176.0)_at_Highlands_Swim(243.0)_2021_46_Dowden_Terrace(176.0)_at_Highlands_Swim(243.0)_2021,Dowden_Terrace(176.0)_at_Highlands_Swim(243.0)_2021,46_Dowden_Terrace(176.0)_at_Highlands_Swim(243.0)_2021
Dowden_Terrace(176.0)_at_Highlands_Swim(243.0)_2021_48_Dowden_Terrace(176.0)_at_Highlands_Swim(243.0)_2021,Dowden_Terrace(176.0)_at_Highlands_Swim(243.0)_2021,48_Dowden_Terrace(176.0)_at_Highlands_Swim(243.0)_2021
Dowden_Terrace(176.0)_at_Highlands_Swim(243.0)_2021_50_Dowden_Terrace(176.0)_at_Highlands_Swim(243.0)_2021,Dowden_Terrace(176.0)_at_Highlands_Swim(243.0)_2021,50_Dowden_Terrace(176.0)_at_Highlands_Swim(243.0)_2021
Divisional_Relays_2021_1_41_Divisional_Relays_2021_1,Divisional_Relays_2021_1,41_Divisional_Relays_2021_1
